TransactionId,Date,Amount,AccountId
0,3/4,-74.24,axz
1,1/5,-15.65,axz
2,7/16,39.10,axz
3,10/9,-82.80,axz
4,2/19,7.19,axz
5,9/14,8.47,axz
6,1/25,-77.51,axz
7,7/26,12.47,axz
8,7/3,-35.23,axz
9,5/1,-82.39,axz
10,4/1,73.03,axz
11,12/14,-64.38,axz
12,5/24,-19.70,axz
13,3/7,-70.50,axz
14,5/18,-34.58,axz
15,7/6,-58.38,axz
16,9/7,-89.35,axz
17,8/2,-37.84,axz
18,1/13,8.25,axz
19,6/3,-20.68,axz
20,4/28,45.05,axz
21,8/7,95.32,axz
22,5/24,-9.72,axz
23,6/17,70.63,axz
24,8/6,-67.35,axz
25,5/27,-18.80,axz
26,12/6,95.73,axz
27,4/3,-13.50,axz
28,4/6,-23.22,axz
29,3/18,-59.92,axz
30,1/11,91.63,axz
31,12/24,36.22,axz
32,10/19,60.13,axz
33,2/21,60.56,axz
34,11/3,24.50,axz
35,7/10,64.17,axz
36,10/12,-9.21,axz
37,6/1,-65.54,axz
38,10/27,-95.74,axz
39,4/27,-68.73,axz
40,2/20,-65.99,axz
41,7/14,24.73,axz
42,3/15,42.65,axz
43,11/22,-70.98,axz
44,8/10,35.83,axz
45,2/1,-76.54,axz
46,2/14,-11.51,axz
47,4/25,-14.30,axz
48,12/20,-22.97,axz
49,9/13,42.33,axz
50,11/28,-91.59,axz
51,2/4,-25.46,axz
52,10/7,-93.26,axz
53,5/17,-91.05,axz
54,10/28,16.97,axz
55,12/13,-64.80,axz
56,10/17,-98.29,axz
57,1/14,75.88,axz
58,1/2,-82.17,axz
59,8/28,83.06,axz
60,7/2,53.50,axz
61,9/16,-16.38,axz
62,8/19,20.37,axz
63,9/7,-2.57,axz
64,6/13,85.60,axz
65,9/26,54.31,axz
66,1/16,83.71,axz
67,10/1,-56.49,axz
68,3/9,-78.85,axz
69,10/21,-54.73,axz
70,10/8,32.87,axz
71,6/22,97.17,axz
72,8/23,-32.83,axz
73,7/23,31.31,axz
74,8/3,-40.77,axz
75,7/20,-71.42,axz
76,5/2,3.98,axz
77,2/5,-54.34,axz
78,11/8,-44.67,axz
79,2/2,-64.02,axz
80,2/11,46.69,axz
81,12/25,66.98,axz
82,12/26,15.40,axz
83,7/14,93.90,axz
84,6/16,70.14,axz
85,5/15,-46.74,axz
86,11/17,-17.06,axz
87,10/19,-56.27,axz
88,2/11,84.71,axz
89,2/18,40.89,axz
90,8/14,-54.78,axz
91,11/1,-46.47,axz
92,7/12,6.71,axz
93,3/24,-98.36,axz
94,11/24,73.55,axz
95,3/13,62.83,axz
96,4/8,62.27,axz
97,5/4,95.10,axz
98,8/21,51.70,axz
99,2/4,28.71,axz
100,9/24,-58.30,axz
101,1/9,-50.46,axz
102,2/6,-24.27,axz
103,2/12,-7.13,axz
104,6/13,90.45,axz
105,5/10,57.93,axz
106,12/17,-80.09,axz
107,4/9,-9.53,axz
108,10/28,28.39,axz
109,7/3,12.69,axz
110,8/7,93.93,axz
111,6/27,-65.26,axz
112,12/21,53.78,axz
113,4/17,-73.15,axz
114,5/9,72.33,axz
115,1/25,5.10,axz
116,12/6,-73.70,axz
117,5/21,-3.90,axz
118,11/9,13.47,axz
119,6/8,-97.78,axz
120,8/1,-10.37,axz
121,7/18,30.76,axz
122,4/19,-61.05,axz
123,10/13,81.54,axz
124,3/3,46.56,axz
125,3/2,-98.12,axz
126,2/1,-82.75,axz
127,2/5,92.90,axz
128,4/14,55.97,axz
129,7/15,-18.02,axz
130,6/26,-62.35,axz
131,9/19,-52.71,axz
132,2/28,6.70,axz
133,7/13,-88.78,axz
134,10/14,24.08,axz
135,6/8,35.10,axz
136,11/8,7.66,axz
137,5/5,-47.46,axz
138,7/6,-62.77,axz
139,5/10,43.69,axz
140,9/11,-6.86,axz
141,3/9,-16.24,axz
142,6/19,87.25,axz
143,4/22,-24.83,axz
144,12/3,13.09,axz
145,11/2,-13.01,axz
146,12/2,43.20,axz
147,3/8,71.02,axz
148,10/24,51.24,axz
149,5/19,49.25,axz
150,3/7,-75.45,axz
151,5/4,19.63,axz
152,5/14,11.20,axz
153,5/15,59.90,axz
154,10/10,21.21,axz
155,2/26,41.70,axz
156,6/4,-65.03,axz
157,3/12,-59.57,axz
158,1/19,-58.96,axz
159,2/9,13.88,axz
160,3/16,82.57,axz
161,1/22,11.47,axz
162,11/5,-17.31,axz
163,5/18,-2.88,axz
164,7/12,-93.95,axz
165,4/10,-93.52,axz
166,1/8,85.91,axz
167,10/21,-9.41,axz
168,6/16,45.98,axz
169,8/16,-63.13,axz
170,5/12,98.76,axz
171,10/28,62.13,axz
172,2/12,27.95,axz
173,8/24,66.33,axz
174,7/27,72.85,axz
175,4/17,-7.82,axz
176,10/12,-82.00,axz
177,8/2,-18.16,axz
178,5/1,89.22,axz
179,1/26,-45.94,axz
180,2/8,-88.93,axz
181,12/9,26.15,axz
182,4/22,-24.45,axz
183,10/28,-20.02,axz
184,3/24,57.04,axz
185,11/19,-40.68,axz
186,2/24,26.22,axz
187,11/12,-65.93,axz
188,12/23,-0.71,axz
189,5/6,38.44,axz
190,6/19,-3.72,axz
191,10/1,-31.80,axz
192,12/3,97.93,axz
193,3/20,68.09,axz
194,10/9,99.85,axz
195,3/28,-53.93,axz
196,5/20,69.94,axz
197,3/20,-82.92,axz
198,7/1,-78.81,axz
199,10/22,-59.65,axz
200,11/1,57.71,axz
201,11/21,-4.27,axz
202,10/26,-16.31,axz
203,8/20,81.58,axz
204,11/19,-0.93,axz
205,11/17,-84.95,axz
206,5/1,-6.40,axz
207,6/20,33.51,axz
208,5/28,4.04,axz
209,7/10,-20.96,axz
210,9/9,-86.29,axz
211,2/25,48.03,axz
212,1/10,42.18,axz
213,6/22,31.30,axz
214,5/26,65.85,axz
215,6/11,47.93,axz
216,4/18,-65.68,axz
217,5/17,35.12,axz
218,4/3,55.58,axz
219,5/28,55.73,axz
220,7/12,-68.85,axz
221,3/22,92.49,axz
222,2/10,8.67,axz
223,5/18,-97.87,axz
224,5/2,92.82,axz
225,6/23,27.64,axz
226,9/16,-54.07,axz
227,3/22,73.69,axz
228,7/8,-35.24,axz
229,3/2,40.12,axz
230,6/27,94.66,axz
231,5/6,21.13,axz
232,2/27,56.11,axz
233,5/12,83.27,axz
234,9/20,13.21,axz
235,9/22,27.77,axz
236,10/17,13.39,axz
237,3/20,-77.38,axz
238,9/4,-62.69,axz
239,4/9,95.35,axz
240,10/24,19.75,axz
241,4/14,92.39,axz
242,11/10,90.53,axz
243,2/14,-21.80,axz
244,7/22,-60.84,axz
245,3/27,-83.64,axz
246,4/8,-73.84,axz
247,1/15,-62.95,axz
248,5/14,57.89,axz
249,2/11,89.03,axz
250,9/23,-52.35,axz
251,11/1,7.33,axz
252,12/14,-38.03,axz
253,3/26,-66.19,axz
254,4/1,-48.29,axz
255,2/12,-18.34,axz
256,6/15,-18.69,axz
257,6/21,44.96,axz
258,6/25,-26.13,axz
259,11/14,43.62,axz
260,4/28,97.57,axz
261,11/4,-24.37,axz
262,3/19,-82.11,axz
263,8/25,-10.42,axz
264,5/21,-26.95,axz
265,4/2,-68.50,axz
266,4/7,71.27,axz
267,3/28,-1.70,axz
268,7/4,-23.21,axz
269,7/17,-21.00,axz
270,10/21,-37.95,axz
271,5/12,47.42,axz
272,5/21,-55.44,axz
273,12/3,72.98,axz
274,5/2,37.39,axz
275,1/24,-73.54,axz
276,6/5,97.94,axz
277,5/3,54.89,axz
278,3/9,89.02,axz
279,10/21,-82.67,axz
280,6/15,-72.78,axz
281,11/6,31.68,axz
282,5/10,-5.79,axz
283,4/28,-79.88,axz
284,9/12,-21.20,axz
285,12/9,-66.74,axz
286,5/2,-89.49,axz
287,4/24,-87.66,axz
288,10/17,87.14,axz
289,5/4,73.22,axz
290,3/9,28.01,axz
291,11/9,35.45,axz
292,8/19,-4.03,axz
293,11/24,-66.96,axz
294,1/17,64.99,axz
295,10/18,49.34,axz
296,4/4,-70.27,axz
297,3/3,-64.64,axz
298,12/12,-40.25,axz
299,1/25,84.64,axz
300,8/12,-46.16,axz
301,10/1,-53.69,axz
302,7/15,1.75,axz
303,11/12,-78.42,axz
304,11/22,69.42,axz
305,7/20,-3.52,axz
306,8/25,9.23,axz
307,2/1,89.08,axz
308,1/10,-30.30,axz
309,6/24,-12.97,axz
310,12/4,-39.21,axz
311,12/12,-19.94,axz
312,12/3,78.60,axz
313,12/25,-13.16,axz
314,6/22,-44.25,axz
315,3/24,-23.30,axz
316,1/20,-23.69,axz
317,3/24,-20.93,axz
318,3/6,-10.69,axz
319,6/18,94.37,axz
320,7/17,-41.08,axz
321,6/15,-75.16,axz
322,10/7,-41.35,axz
323,12/17,43.18,axz
324,6/12,4.46,axz
325,12/19,-68.07,axz
326,7/24,-94.63,axz
327,10/22,-20.55,axz
328,4/3,-38.99,axz
329,7/24,-72.90,axz
330,7/15,2.80,axz
331,1/2,13.22,axz
332,8/22,-21.70,axz
333,4/10,-25.87,axz
334,2/7,-74.13,axz
335,12/11,4.80,axz
336,5/3,-25.56,axz
337,4/15,-26.72,axz
338,12/20,35.56,axz
339,10/19,46.37,axz
340,9/15,-55.43,axz
341,8/4,30.83,axz
342,1/20,60.29,axz
343,2/6,2.94,axz
344,11/8,-52.62,axz
345,2/16,-80.82,axz
346,6/25,99.38,axz
347,9/4,99.17,axz
348,8/25,-28.30,axz
349,8/27,42.70,axz
350,5/12,-24.09,axz
351,6/16,-35.76,axz
352,3/13,45.05,axz
353,11/3,63.42,axz
354,4/13,-22.85,axz
355,7/17,-79.05,axz
356,11/17,-62.57,axz
357,2/14,6.05,axz
358,1/22,-14.01,axz
359,4/10,98.03,axz
360,7/28,0.85,axz
361,3/21,-11.41,axz
362,8/20,25.09,axz
363,12/21,-39.79,axz
364,4/21,-2.64,axz
365,8/16,-24.34,axz
366,11/26,-81.06,axz
367,11/16,62.85,axz
368,3/17,-79.11,axz
369,12/17,-28.30,axz
370,11/17,-29.12,axz
371,6/20,-26.53,axz
372,11/4,55.02,axz
373,1/9,49.24,axz
374,10/19,-82.71,axz
375,11/9,78.99,axz
376,11/1,50.48,axz
377,8/15,-52.30,axz
378,11/21,72.62,axz
379,8/3,-7.94,axz
380,10/23,42.26,axz
381,3/28,42.09,axz
382,2/18,75.61,axz
383,4/11,78.61,axz
384,2/8,59.76,axz
385,11/4,-56.15,axz
386,4/9,-42.64,axz
387,1/6,-49.24,axz
388,12/6,-2.39,axz
389,9/24,21.19,axz
390,6/18,59.56,axz
391,1/23,62.56,axz
392,11/5,62.99,axz
393,9/4,-46.77,axz
394,8/19,-65.15,axz
395,11/18,-66.46,axz
396,9/27,-86.24,axz
397,9/21,-18.29,axz
398,7/22,-32.03,axz
399,8/20,34.57,axz
400,11/4,-5.90,axz
401,7/27,27.62,axz
402,7/16,-69.30,axz
403,2/9,63.28,axz
404,7/9,-0.26,axz
405,11/5,-77.62,axz
406,3/24,-24.31,axz
407,4/15,93.55,axz
408,3/6,26.90,axz
409,3/6,14.28,axz
410,8/8,17.22,axz
411,4/15,-56.94,axz
412,7/14,0.95,axz
413,6/1,26.13,axz
414,11/7,-88.49,axz
415,8/7,85.77,axz
416,8/18,-26.40,axz
417,1/5,6.21,axz
418,5/12,87.96,axz
419,11/28,-96.13,axz
420,8/13,42.94,axz
421,5/24,-29.44,axz
422,3/15,24.70,axz
423,4/23,-63.91,axz
424,6/28,32.04,axz
425,11/4,-22.68,axz
426,6/9,-89.56,axz
427,4/5,-6.32,axz
428,12/28,56.66,axz
429,6/24,79.27,axz
430,2/18,-24.11,axz
431,4/5,-2.26,axz
432,9/14,94.34,axz
433,12/18,89.40,axz
434,10/4,-85.57,axz
435,2/28,74.62,axz
436,7/28,75.36,axz
437,12/5,-22.90,axz
438,3/6,89.42,axz
439,6/2,-42.90,axz
440,10/4,-8.01,axz
441,4/8,74.53,axz
442,1/7,-18.03,axz
443,4/16,96.92,axz
444,1/9,7.18,axz
445,10/9,-82.76,axz
446,7/12,-31.98,axz
447,7/2,-14.05,axz
448,5/18,-5.94,axz
449,2/23,-53.50,axz
450,4/11,28.27,axz
451,9/28,-32.67,axz
452,8/22,89.15,axz
453,1/16,-4.59,axz
454,2/23,-88.88,axz
455,6/1,-75.57,axz
456,8/15,-36.41,axz
457,8/15,79.00,axz
458,3/14,83.83,axz
459,10/25,-3.64,axz
460,5/1,-68.38,axz
461,9/5,64.90,axz
462,9/12,-74.97,axz
463,2/9,-72.74,axz
464,5/13,14.07,axz
465,5/20,-34.21,axz
466,11/3,46.96,axz
467,1/19,-58.29,axz
468,4/7,36.70,axz
469,7/28,89.31,axz
470,11/4,-1.66,axz
471,6/23,-13.90,axz
472,7/5,-10.11,axz
473,1/21,71.64,axz
474,12/24,49.75,axz
475,1/18,-93.06,axz
476,1/13,-23.71,axz
477,4/28,26.63,axz
478,4/12,-73.03,axz
479,2/21,24.66,axz
480,9/18,50.56,axz
481,9/22,96.02,axz
482,1/21,-65.77,axz
483,10/16,-31.60,axz
484,7/20,37.11,axz
485,3/13,-17.90,axz
486,4/9,22.94,axz
487,10/3,62.95,axz
488,3/23,13.72,axz
489,11/22,-75.12,axz
490,7/8,3.13,axz
491,5/14,68.42,axz
492,2/1,64.14,axz
493,5/5,74.36,axz
494,1/12,40.78,axz
495,12/16,73.43,axz
496,10/24,11.60,axz
497,10/15,8.86,axz
498,5/5,-93.28,axz
499,2/5,83.51,axz
500,9/19,-71.57,axz
501,2/6,0.14,axz
502,8/16,-83.16,axz
503,12/16,-54.36,axz
504,2/28,-93.96,axz
505,1/23,-16.86,axz
506,2/1,53.11,axz
507,4/24,-97.18,axz
508,6/21,-57.77,axz
509,12/8,-4.52,axz
510,8/7,70.79,axz
511,9/6,-69.39,axz
512,4/9,26.09,axz
513,4/25,43.09,axz
514,11/17,21.44,axz
515,11/13,-65.79,axz
516,5/20,11.55,axz
517,1/14,34.21,axz
518,1/11,31.13,axz
519,5/18,36.24,axz
520,6/3,62.19,axz
521,5/14,-79.73,axz
522,4/17,-68.82,axz
523,5/1,-37.27,axz
524,8/16,88.17,axz
525,9/9,-32.94,axz
526,6/21,28.03,axz
527,3/10,-3.54,axz
528,6/5,-38.84,axz
529,9/26,-74.58,axz
530,8/28,-30.69,axz
531,10/21,58.57,axz
532,5/5,-12.05,axz
533,9/21,-58.66,axz
534,1/17,-90.59,axz
535,10/7,-38.70,axz
536,11/20,-33.48,axz
537,2/22,-7.15,axz
538,7/5,21.38,axz
539,12/8,-13.46,axz
540,10/25,-70.85,axz
541,7/18,19.87,axz
542,3/20,-58.28,axz
543,1/5,4.44,axz
544,1/6,20.33,axz
545,7/16,-93.66,axz
546,2/25,-38.63,axz
547,1/16,44.08,axz
548,1/26,78.27,axz
549,3/20,-8.82,axz
550,1/5,-6.99,axz
551,9/12,61.43,axz
552,4/1,42.37,axz
553,6/25,26.72,axz
554,12/16,97.60,axz
555,3/18,-46.50,axz
556,10/8,84.31,axz
557,5/20,-59.45,axz
558,2/12,-56.72,axz
559,12/15,30.85,axz
560,3/19,99.26,axz
561,11/25,-18.93,axz
562,9/25,-97.04,axz
563,1/20,7.04,axz
564,10/23,52.61,axz
565,4/2,52.02,axz
566,6/16,-63.77,axz
567,9/24,-75.75,axz
568,4/5,-11.48,axz
569,5/2,-17.81,axz
570,5/26,51.90,axz
571,11/27,-34.75,axz
572,7/28,-22.55,axz
573,9/8,21.29,axz
574,8/25,-10.99,axz
575,11/4,-24.27,axz
576,9/22,-14.14,axz
577,4/25,-15.67,axz
578,7/8,-38.22,axz
579,2/27,41.34,axz
580,12/19,33.67,axz
581,12/2,-61.03,axz
582,3/12,-50.72,axz
583,12/27,-10.78,axz
584,11/28,-18.43,axz
585,2/24,-70.68,axz
586,1/25,-9.95,axz
587,5/10,47.06,axz
588,5/24,-35.63,axz
589,2/18,-50.44,axz
590,4/14,14.04,axz
591,12/11,61.24,axz
592,3/19,62.84,axz
593,4/21,-27.22,axz
594,11/21,27.15,axz
595,7/9,-84.65,axz
596,4/4,-78.61,axz
597,1/2,-69.48,axz
598,10/10,-98.50,axz
599,2/3,70.48,axz
600,12/15,53.62,axz
601,12/7,-12.73,axz
602,5/13,26.38,axz
603,10/1,-16.40,axz
604,6/25,14.04,axz
605,3/6,-9.79,axz
606,2/27,-51.37,axz
607,12/23,48.07,axz
608,11/9,80.93,axz
609,1/1,-27.01,axz
610,3/24,-81.31,axz
611,4/26,23.85,axz
612,8/21,-57.01,axz
613,6/12,50.73,axz
614,10/4,19.35,axz
615,1/23,-42.57,axz
616,9/26,2.12,axz
617,11/7,-91.43,axz
618,9/1,92.74,axz
619,7/28,-91.14,axz
620,7/3,-1.64,axz
621,8/9,40.93,axz
622,11/22,62.92,axz
623,4/16,58.79,axz
624,4/8,-49.16,axz
625,8/7,-23.28,axz
626,9/26,-28.21,axz
627,2/11,-29.24,axz
628,11/4,34.55,axz
629,5/23,-35.85,axz
630,9/22,-24.50,axz
631,9/9,-13.66,axz
632,5/21,74.16,axz
633,6/8,-19.50,axz
634,7/10,39.35,axz
635,3/10,-47.27,axz
636,10/21,53.30,axz
637,5/7,8.37,axz
638,3/27,59.16,axz
639,2/17,81.59,axz
640,1/8,67.53,axz
641,3/3,14.23,axz
642,4/23,36.50,axz
643,12/3,-40.51,axz
644,10/13,-64.14,axz
645,9/9,-67.30,axz
646,9/4,20.20,axz
647,9/21,12.30,axz
648,6/28,66.97,axz
649,8/27,-36.27,axz
650,1/28,37.71,axz
651,11/13,-19.54,axz
652,8/8,-78.22,axz
653,7/10,92.03,axz
654,7/21,84.37,axz
655,3/14,-41.27,axz
656,2/26,3.15,axz
657,10/23,1.39,axz
658,6/19,15.47,axz
659,5/25,-23.35,axz
660,10/3,99.23,axz
661,7/2,21.50,axz
662,2/10,23.69,axz
663,12/12,-99.50,axz
664,10/15,1.92,axz
665,4/1,82.22,axz
666,12/24,-40.99,axz
667,10/26,-63.48,axz
668,6/25,-92.93,axz
669,2/3,27.29,axz
670,10/3,9.57,axz
671,6/26,-76.31,axz
672,11/8,-7.71,axz
673,1/10,77.62,axz
674,5/5,-56.55,axz
675,3/20,0.01,axz
676,4/22,58.86,axz
677,5/10,-90.21,axz
678,5/25,-99.47,axz
679,4/7,-85.26,axz
680,7/27,-31.67,axz
681,3/4,-99.09,axz
682,9/17,-28.82,axz
683,7/19,40.61,axz
684,2/9,53.66,axz
685,11/17,89.68,axz
686,9/8,-15.64,axz
687,9/27,40.55,axz
688,11/8,-7.43,axz
689,8/20,86.91,axz
690,6/21,36.40,axz
691,7/13,-14.55,axz
692,8/14,66.31,axz
693,6/6,-4.82,axz
694,8/10,38.51,axz
695,8/24,-19.17,axz
696,2/1,85.05,axz
697,3/18,-75.64,axz
698,4/20,-0.26,axz
699,10/27,18.18,axz
700,3/9,-93.38,axz
701,8/10,76.24,axz
702,4/2,-60.34,axz
703,10/15,68.99,axz
704,2/7,50.28,axz
705,10/12,49.03,axz
706,1/26,53.92,axz
707,9/19,-91.56,axz
708,5/12,-80.11,axz
709,6/17,78.20,axz
710,11/25,-88.43,axz
711,1/2,-46.14,axz
712,5/23,-51.51,axz
713,6/26,8.92,axz
714,3/12,-89.48,axz
715,2/3,11.00,axz
716,11/7,86.93,axz
717,8/27,39.20,axz
718,3/8,-72.61,axz
719,10/11,41.41,axz
720,2/15,-81.64,axz
721,4/12,-63.70,axz
722,1/19,58.29,axz
723,1/27,76.25,axz
724,8/6,-80.04,axz
725,4/15,75.75,axz
726,6/9,-43.51,axz
727,10/23,82.36,axz
728,4/18,-47.21,axz
729,5/4,18.71,axz
730,3/25,24.54,axz
731,5/11,98.14,axz
732,6/23,93.37,axz
733,7/14,10.19,axz
734,2/4,80.99,axz
735,3/13,58.48,axz
736,9/23,28.90,axz
737,12/11,-17.76,axz
738,12/15,-33.68,axz
739,6/4,-85.65,axz
740,6/24,-45.17,axz
741,1/1,29.74,axz
742,7/2,-16.66,axz
743,12/23,97.93,axz
744,2/23,-39.70,axz
745,5/4,17.62,axz
746,11/6,22.07,axz
747,3/22,41.33,axz
748,8/11,-13.07,axz
749,11/16,39.79,axz
750,8/5,67.11,axz
751,12/9,91.29,axz
752,12/17,82.38,axz
753,7/17,-96.37,axz
754,8/7,52.00,axz
755,2/21,22.19,axz
756,11/16,-41.52,axz
757,8/26,5.77,axz
758,1/13,37.92,axz
759,9/14,-8.38,axz
760,4/15,-58.70,axz
761,7/9,79.43,axz
762,11/23,73.04,axz
763,6/12,-21.39,axz
764,4/15,51.28,axz
765,5/7,93.99,axz
766,6/18,60.27,axz
767,12/7,-79.70,axz
768,9/13,75.38,axz
769,3/5,2.42,axz
770,12/1,-52.89,axz
771,1/27,19.53,axz
772,4/27,53.00,axz
773,1/24,73.60,axz
774,2/22,19.98,axz
775,3/3,-39.89,axz
776,9/14,-7.15,axz
777,1/9,4.41,axz
778,1/22,36.42,axz
779,3/6,-62.20,axz
780,10/11,6.14,axz
781,10/13,62.34,axz
782,4/4,-25.89,axz
783,8/16,-31.04,axz
784,2/10,72.70,axz
785,3/13,-12.16,axz
786,9/4,-11.94,axz
787,8/9,10.36,axz
788,12/11,93.09,axz
789,3/28,80.33,axz
790,11/19,48.16,axz
791,1/21,0.69,axz
792,4/21,78.03,axz
793,10/3,76.14,axz
794,5/8,-17.11,axz
795,8/18,37.62,axz
796,5/19,21.92,axz
797,4/14,95.53,axz
798,1/3,54.17,axz
799,2/19,-51.33,axz
800,3/3,24.11,axz
801,8/6,11.19,axz
802,4/23,15.59,axz
803,6/7,99.51,axz
804,8/7,-54.59,axz
805,7/12,-12.99,axz
806,2/17,52.21,axz
807,11/2,81.66,axz
808,1/24,-5.66,axz
809,2/27,31.76,axz
810,3/10,-29.03,axz
811,5/18,-42.12,axz
812,5/13,-69.15,axz
813,8/9,-1.29,axz
814,2/13,-58.54,axz
815,10/25,-63.62,axz
816,4/4,-39.75,axz
817,4/27,37.58,axz
818,2/24,-60.10,axz
819,4/12,-85.92,axz
820,11/13,93.37,axz
821,3/25,-20.36,axz
822,7/4,22.48,axz
823,5/9,4.08,axz
824,4/21,70.81,axz
825,12/15,79.55,axz
826,5/15,58.07,axz
827,9/22,94.21,axz
828,12/20,48.07,axz
829,8/19,95.76,axz
830,6/14,61.11,axz
831,1/5,55.17,axz
832,4/5,-1.54,axz
833,6/28,-47.74,axz
834,4/12,-65.64,axz
835,8/24,-36.20,axz
836,12/28,24.01,axz
837,11/7,0.01,axz
838,2/27,17.34,axz
839,12/17,-65.42,axz
840,10/23,-55.55,axz
841,2/18,48.57,axz
842,1/23,-62.20,axz
843,5/9,-50.26,axz
844,6/8,28.39,axz
845,8/13,-82.56,axz
846,12/8,49.52,axz
847,9/8,25.90,axz
848,10/4,90.32,axz
849,9/11,9.53,axz
850,6/23,-51.30,axz
851,8/9,-53.21,axz
852,7/3,-80.98,axz
853,7/2,-16.30,axz
854,3/22,-28.35,axz
855,11/26,62.15,axz
856,5/11,34.02,axz
857,4/18,34.61,axz
858,8/28,-57.76,axz
859,11/25,33.78,axz
860,9/2,-0.02,axz
861,1/13,15.65,axz
862,8/22,-56.97,axz
863,6/17,54.43,axz
864,5/8,-68.71,axz
865,11/21,-63.51,axz
866,12/3,95.49,axz
867,7/24,22.85,axz
868,6/14,-11.90,axz
869,5/24,7.34,axz
870,9/2,47.51,axz
871,2/1,59.22,axz
872,6/20,81.47,axz
873,9/4,-56.92,axz
874,6/1,-69.07,axz
875,3/23,49.05,axz
876,8/23,61.48,axz
877,4/19,-65.09,axz
878,9/18,67.00,axz
879,6/27,-19.82,axz
880,8/20,-11.35,axz
881,1/10,5.26,axz
882,3/7,-1.62,axz
883,12/12,48.39,axz
884,3/23,40.78,axz
885,10/4,-43.17,axz
886,3/26,-44.49,axz
887,2/8,8.45,axz
888,2/5,-43.46,axz
889,11/22,67.81,axz
890,2/2,-4.18,axz
891,4/25,-67.70,axz
892,1/7,-0.82,axz
893,8/16,-95.13,axz
894,1/27,54.05,axz
895,5/11,22.92,axz
896,6/26,64.99,axz
897,11/1,-78.40,axz
898,3/22,98.87,axz
899,4/16,-18.54,axz
900,5/12,63.01,axz
901,10/21,-13.31,axz
902,8/16,-45.30,axz
903,4/2,1.65,axz
904,3/11,-18.83,axz
905,11/27,-91.00,axz
906,1/1,87.30,axz
907,2/18,63.70,axz
908,2/11,37.76,axz
909,11/2,9.49,axz
910,7/27,59.19,axz
911,6/13,77.35,axz
912,1/3,60.50,axz
913,9/18,-25.67,axz
914,4/24,-77.64,axz
915,9/9,65.24,axz
916,7/20,-41.50,axz
917,5/27,89.37,axz
918,2/26,-9.23,axz
919,11/17,-15.41,axz
920,8/6,44.69,axz
921,2/1,84.01,axz
922,5/12,79.50,axz
923,7/3,-47.06,axz
924,12/22,90.76,axz
925,12/11,-95.05,axz
926,12/13,-69.99,axz
927,8/23,-92.40,axz
928,10/21,53.59,axz
929,6/2,-71.15,axz
930,4/16,70.91,axz
931,6/11,-35.70,axz
932,1/26,-26.35,axz
933,4/3,-44.87,axz
934,6/18,-28.42,axz
935,8/11,38.19,axz
936,12/18,-21.67,axz
937,11/20,42.67,axz
938,1/8,86.76,axz
939,3/22,43.91,axz
940,10/15,-83.58,axz
941,2/18,-61.96,axz
942,6/17,2.46,axz
943,11/20,-62.49,axz
944,7/10,49.70,axz
945,9/13,-20.58,axz
946,3/12,30.48,axz
947,6/25,31.17,axz
948,6/8,83.99,axz
949,12/21,-46.63,axz
950,9/26,-60.14,axz
951,2/3,30.14,axz
952,7/27,-75.17,axz
953,11/1,-16.38,axz
954,6/22,-16.61,axz
955,5/23,-61.53,axz
956,12/20,-7.51,axz
957,3/22,-23.13,axz
958,2/27,97.24,axz
959,10/8,-26.43,axz
960,12/7,-60.17,axz
961,3/6,75.83,axz
962,4/6,76.48,axz
963,6/26,-72.26,axz
964,8/14,67.54,axz
965,10/27,8.47,axz
966,6/1,-56.62,axz
967,5/6,39.30,axz
968,11/6,87.09,axz
969,7/5,68.59,axz
970,5/13,-23.23,axz
971,9/21,74.15,axz
972,12/14,21.27,axz
973,3/14,95.49,axz
974,12/5,52.47,axz
975,3/25,96.90,axz
976,7/12,37.66,axz
977,7/11,80.16,axz
978,3/5,-98.87,axz
979,11/9,74.34,axz
980,8/21,90.78,axz
981,6/10,-8.86,axz
982,11/12,19.68,axz
983,3/3,-59.00,axz
984,6/9,6.24,axz
985,11/3,-13.38,axz
986,8/7,-67.18,axz
987,11/16,85.81,axz
988,11/23,-67.44,axz
989,6/8,49.20,axz
990,7/4,5.44,axz
991,10/23,18.27,axz
992,12/5,-44.29,axz
993,5/8,-54.69,axz
994,4/21,4.76,axz
995,6/24,98.18,axz
996,9/22,5.46,axz
997,9/14,72.50,axz
998,2/1,93.57,axz
999,5/23,50.54,axz
1000,5/2,-18.32,axz
1001,10/10,3.66,axz
1002,10/3,26.57,axz
1003,3/20,-42.97,axz
1004,3/14,15.65,axz
1005,12/11,10.74,axz
1006,10/22,70.24,axz
1007,4/8,-3.45,axz
1008,6/23,-74.82,axz
1009,10/21,-76.87,axz
1010,11/13,18.26,axz
1011,2/16,69.26,axz
1012,9/2,94.83,axz
1013,5/28,82.21,axz
1014,11/6,87.44,axz
1015,12/9,57.35,axz
1016,10/27,-85.05,axz
1017,1/3,6.35,axz
1018,5/12,-81.84,axz
1019,9/24,80.68,axz
1020,6/9,-15.12,axz
1021,1/4,59.36,axz
1022,12/26,-28.49,axz
1023,1/14,94.52,axz
1024,8/16,-62.60,axz
1025,7/23,-22.15,axz
1026,10/24,-64.50,axz
1027,10/26,92.23,axz
1028,3/25,-96.55,axz
1029,11/13,-53.02,axz
1030,10/25,13.61,axz
1031,6/20,-93.27,axz
1032,2/5,-29.26,axz
1033,8/10,-58.29,axz
1034,8/15,-35.08,axz
1035,7/22,52.49,axz
1036,5/19,-72.92,axz
1037,11/12,59.90,axz
1038,8/9,48.63,axz
1039,10/18,-78.55,axz
1040,12/21,68.63,axz
1041,11/15,-44.53,axz
1042,1/9,88.34,axz
1043,7/4,67.56,axz
1044,4/12,-92.11,axz
1045,2/22,-3.57,axz
1046,6/5,54.01,axz
1047,7/17,34.46,axz
1048,11/17,54.76,axz
1049,12/26,33.56,axz
1050,1/3,65.10,axz
1051,11/19,14.08,axz
1052,1/25,-40.10,axz
1053,12/18,-32.13,axz
1054,4/6,-84.38,axz
1055,7/8,68.74,axz
1056,12/5,-50.20,axz
1057,11/20,-83.41,axz
1058,6/24,-65.60,axz
1059,4/22,92.37,axz
1060,10/23,65.03,axz
1061,4/22,-58.75,axz
1062,9/24,61.10,axz
1063,8/25,53.11,axz
1064,6/28,-14.56,axz
1065,5/12,-77.37,axz
1066,1/1,-98.99,axz
1067,8/16,-25.65,axz
1068,7/13,-25.49,axz
1069,11/25,99.68,axz
1070,6/13,57.72,axz
1071,4/6,84.47,axz
1072,11/14,-75.62,axz
1073,6/2,-25.18,axz
1074,9/10,69.64,axz
1075,10/20,-47.30,axz
1076,9/1,50.23,axz
1077,1/5,79.04,axz
1078,2/28,24.09,axz
1079,10/20,-57.40,axz
1080,12/15,26.12,axz
1081,1/6,-33.10,axz
1082,11/14,-11.12,axz
1083,4/16,-58.66,axz
1084,7/19,-14.92,axz
1085,3/10,81.39,axz
1086,2/1,-24.90,axz
1087,3/18,33.99,axz
1088,4/2,-27.21,axz
1089,6/3,-24.77,axz
1090,11/20,42.27,axz
1091,6/6,-12.28,axz
1092,9/6,-96.67,axz
1093,4/11,52.54,axz
1094,5/20,9.44,axz
1095,9/2,-84.44,axz
1096,3/10,-41.93,axz
1097,5/24,41.09,axz
1098,5/1,-68.34,axz
1099,11/1,-41.94,axz
1100,7/16,-95.59,axz
1101,4/14,82.72,axz
1102,5/25,86.00,axz
1103,11/22,-78.55,axz
1104,12/24,-24.47,axz
1105,12/16,97.76,axz
1106,1/20,73.26,axz
1107,4/25,37.36,axz
1108,4/15,75.28,axz
1109,3/27,-96.42,axz
1110,9/13,5.07,axz
1111,12/7,95.95,axz
1112,7/6,10.48,axz
1113,3/9,16.11,axz
1114,1/10,66.03,axz
1115,6/5,-36.74,axz
1116,4/12,-13.86,axz
1117,9/8,35.92,axz
1118,2/8,41.55,axz
1119,4/17,43.59,axz
1120,8/15,-79.27,axz
1121,5/26,42.72,axz
1122,9/11,-0.79,axz
1123,7/24,-68.55,axz
1124,1/15,10.97,axz
1125,6/25,-5.78,axz
1126,2/26,-97.21,axz
1127,5/25,37.52,axz
1128,11/17,84.59,axz
1129,1/2,43.54,axz
1130,11/18,-11.84,axz
1131,2/9,64.35,axz
1132,7/26,6.07,axz
1133,6/2,38.47,axz
1134,5/21,-39.19,axz
1135,8/11,-77.55,axz
1136,6/19,83.34,axz
1137,1/17,-53.29,axz
1138,9/19,54.99,axz
1139,1/16,-30.48,axz
1140,7/7,-53.24,axz
1141,4/6,52.49,axz
1142,7/9,-4.38,axz
1143,4/3,-26.35,axz
1144,9/9,-43.21,axz
1145,7/14,92.39,axz
1146,6/21,-20.41,axz
1147,4/4,97.72,axz
1148,5/9,0.46,axz
1149,2/28,6.22,axz
1150,7/25,10.29,axz
1151,2/26,-67.53,axz
1152,9/3,10.03,axz
1153,11/12,-18.60,axz
1154,5/4,99.11,axz
1155,4/16,-61.08,axz
1156,10/18,5.71,axz
1157,9/26,80.97,axz
1158,6/16,92.20,axz
1159,9/20,-63.99,axz
1160,9/22,22.15,axz
1161,8/2,-52.52,axz
1162,8/4,92.46,axz
1163,8/7,-93.23,axz
1164,3/20,55.44,axz
1165,5/6,87.21,axz
1166,6/4,-52.02,axz
1167,11/3,-35.59,axz
1168,3/3,25.28,axz
1169,6/2,-1.72,axz
1170,1/26,-29.16,axz
1171,2/22,-71.55,axz
1172,9/28,38.95,axz
1173,12/21,21.47,axz
1174,2/11,72.69,axz
1175,8/15,76.51,axz
1176,11/26,-35.49,axz
1177,6/4,20.03,axz
1178,1/25,-5.07,axz
1179,11/5,-93.82,axz
1180,12/25,76.91,axz
1181,12/25,71.10,axz
1182,8/3,-63.48,axz
1183,7/26,-23.89,axz
1184,11/5,34.43,axz
1185,11/27,73.40,axz
1186,1/20,-83.36,axz
1187,5/16,70.30,axz
1188,8/18,91.12,axz
1189,6/28,-15.00,axz
1190,3/1,-10.22,axz
1191,10/26,49.76,axz
1192,3/22,-63.64,axz
1193,11/14,-47.18,axz
1194,3/2,-78.94,axz
1195,6/1,79.76,axz
1196,3/8,-18.74,axz
1197,11/26,-94.13,axz
1198,5/19,-13.42,axz
1199,10/18,-88.62,axz
1200,12/18,-38.42,axz
1201,6/26,68.35,axz
1202,8/15,63.62,axz
1203,10/28,-3.14,axz
1204,8/1,16.96,axz
1205,1/21,-26.35,axz
1206,9/22,-17.07,axz
1207,2/9,-9.78,axz
1208,4/2,92.91,axz
1209,11/17,49.43,axz
1210,1/20,33.05,axz
1211,11/9,63.77,axz
1212,1/25,31.22,axz
1213,12/22,24.00,axz
1214,10/13,33.50,axz
1215,3/21,-76.98,axz
1216,7/2,-77.08,axz
1217,4/14,-12.17,axz
1218,8/9,-98.75,axz
1219,7/3,12.67,axz
1220,6/5,-14.77,axz
1221,2/2,11.30,axz
1222,8/17,-82.00,axz
1223,8/3,42.87,axz
1224,2/1,52.91,axz
1225,12/9,13.96,axz
1226,9/21,-94.43,axz
1227,8/5,95.64,axz
1228,7/1,55.91,axz
1229,12/16,48.92,axz
1230,4/4,1.53,axz
1231,8/5,16.63,axz
1232,7/18,-90.83,axz
1233,3/3,-15.36,axz
1234,3/26,-58.92,axz
1235,4/22,-16.53,axz
1236,5/17,-85.31,axz
1237,3/20,76.77,axz
1238,8/21,-16.38,axz
1239,1/2,-82.53,axz
1240,11/16,-95.70,axz
1241,1/26,33.37,axz
1242,9/11,-2.77,axz
1243,4/13,-22.48,axz
1244,8/12,-27.98,axz
1245,9/15,48.09,axz
1246,12/24,-65.68,axz
1247,10/4,95.36,axz
1248,8/21,-8.46,axz
1249,4/9,0.26,axz
1250,3/18,-36.18,axz
1251,4/8,-33.04,axz
1252,5/24,17.00,axz
1253,9/24,64.77,axz
1254,1/8,-63.00,axz
1255,11/21,-9.98,axz
1256,8/6,71.37,axz
1257,12/24,63.32,axz
1258,3/18,86.93,axz
1259,11/6,85.05,axz
1260,7/17,-3.19,axz
1261,2/28,-12.21,axz
1262,6/10,22.58,axz
1263,8/28,62.85,axz
1264,7/18,75.34,axz
1265,1/11,66.76,axz
1266,11/13,-17.32,axz
1267,3/28,-18.30,axz
1268,9/24,-47.62,axz
1269,12/8,-56.17,axz
1270,5/20,-52.32,axz
1271,3/22,97.45,axz
1272,7/18,-41.56,axz
1273,1/12,-25.02,axz
1274,8/26,59.12,axz
1275,7/3,42.29,axz
1276,12/26,0.20,axz
1277,1/3,31.38,axz
1278,7/16,32.99,axz
1279,12/5,52.26,axz
1280,7/19,91.02,axz
1281,12/5,-30.57,axz
1282,7/10,9.88,axz
1283,8/19,43.47,axz
1284,1/27,-57.86,axz
1285,3/13,-56.52,axz
1286,11/21,45.81,axz
1287,12/19,50.02,axz
1288,1/6,29.02,axz
1289,2/22,48.53,axz
1290,10/4,21.99,axz
1291,9/25,93.48,axz
1292,1/19,50.37,axz
1293,1/11,-69.50,axz
1294,4/27,5.88,axz
1295,6/24,68.71,axz
1296,8/16,94.77,axz
1297,1/15,56.45,axz
1298,8/7,5.51,axz
1299,7/17,96.18,axz
1300,11/11,69.02,axz
1301,8/26,22.35,axz
1302,3/3,-10.14,axz
1303,3/25,81.45,axz
1304,12/12,12.76,axz
1305,2/22,45.22,axz
1306,1/27,-12.12,axz
1307,10/12,95.49,axz
1308,3/28,80.21,axz
1309,6/19,-45.58,axz
1310,8/3,-29.57,axz
1311,2/24,23.46,axz
1312,1/13,77.38,axz
1313,6/10,-60.45,axz
1314,6/15,-80.75,axz
1315,9/5,70.95,axz
1316,7/5,12.35,axz
1317,11/7,15.36,axz
1318,4/18,-5.13,axz
1319,10/10,43.17,axz
1320,7/17,-26.37,axz
1321,11/17,-83.22,axz
1322,5/27,7.04,axz
1323,12/21,-49.63,axz
1324,2/8,43.95,axz
1325,4/19,14.91,axz
1326,9/26,-28.02,axz
1327,7/18,-89.54,axz
1328,11/3,-1.04,axz
1329,8/19,-13.49,axz
1330,5/15,30.62,axz
1331,1/18,80.31,axz
1332,11/4,95.12,axz
1333,3/13,-72.96,axz
1334,8/14,-24.96,axz
1335,12/23,-70.29,axz
1336,2/20,-29.47,axz
1337,6/1,14.99,axz
1338,10/15,91.54,axz
1339,10/18,-47.56,axz
1340,6/13,37.75,axz
1341,4/14,77.98,axz
1342,3/13,20.10,axz
1343,12/18,80.85,axz
1344,2/17,13.67,axz
1345,10/9,50.66,axz
1346,10/6,-33.88,axz
1347,9/9,-57.23,axz
1348,7/1,-28.58,axz
1349,12/11,11.16,axz
1350,12/19,-19.89,axz
1351,2/6,14.31,axz
1352,1/15,27.53,axz
1353,5/3,72.75,axz
1354,2/26,-33.85,axz
1355,5/15,-10.47,axz
1356,1/26,81.88,axz
1357,3/4,-57.93,axz
1358,10/6,7.00,axz
1359,4/15,88.06,axz
1360,10/17,-36.14,axz
1361,11/26,-41.08,axz
1362,10/14,-98.69,axz
1363,11/4,-7.28,axz
1364,1/25,-48.79,axz
1365,8/5,-16.10,axz
1366,3/1,71.08,axz
1367,12/19,99.18,axz
1368,6/9,-75.50,axz
1369,5/11,23.03,axz
1370,1/22,84.38,axz
1371,8/27,10.16,axz
1372,6/22,-69.61,axz
1373,9/24,-76.86,axz
1374,8/7,-19.17,axz
1375,10/2,-49.18,axz
1376,10/1,-22.64,axz
1377,4/13,-11.24,axz
1378,10/23,-63.25,axz
1379,11/5,-95.10,axz
1380,2/12,-65.38,axz
1381,6/16,-69.14,axz
1382,6/12,-48.86,axz
1383,8/24,87.72,axz
1384,10/23,-51.89,axz
1385,2/16,-43.04,axz
1386,9/22,13.28,axz
1387,10/6,42.17,axz
1388,2/24,35.10,axz
1389,8/20,-89.11,axz
1390,11/27,32.50,axz
1391,8/6,-86.37,axz
1392,4/5,-7.51,axz
1393,2/23,-94.11,axz
1394,5/16,-27.77,axz
1395,2/3,-26.50,axz
1396,7/27,-82.71,axz
1397,9/8,-22.94,axz
1398,8/7,98.26,axz
1399,1/22,-91.77,axz
1400,6/16,34.93,axz
1401,3/8,20.07,axz
1402,2/4,49.53,axz
1403,6/20,13.76,axz
1404,2/21,-26.90,axz
1405,7/7,3.91,axz
1406,5/27,-4.91,axz
1407,4/17,-93.31,axz
1408,6/19,33.04,axz
1409,6/1,-2.71,axz
1410,1/17,-32.50,axz
1411,5/26,-65.11,axz
1412,12/11,74.27,axz
1413,4/27,11.18,axz
1414,12/26,51.85,axz
1415,3/4,-80.85,axz
1416,6/22,-99.93,axz
1417,7/23,25.15,axz
1418,1/1,-52.13,axz
1419,1/6,22.00,axz
1420,6/5,-73.67,axz
1421,12/11,-47.46,axz
1422,3/24,-82.67,axz
1423,11/9,-48.14,axz
1424,4/4,27.79,axz
1425,8/9,-34.14,axz
1426,9/14,96.65,axz
1427,12/14,18.91,axz
1428,11/16,-80.18,axz
1429,7/20,-30.64,axz
1430,10/5,-75.83,axz
1431,2/28,-78.07,axz
1432,1/22,14.49,axz
1433,10/13,79.72,axz
1434,2/3,-12.63,axz
1435,1/1,22.14,axz
1436,7/5,-14.71,axz
1437,9/15,59.31,axz
1438,7/5,70.63,axz
1439,10/14,65.93,axz
1440,1/5,97.26,axz
1441,6/4,32.58,axz
1442,3/25,77.93,axz
1443,4/24,61.31,axz
1444,1/13,77.26,axz
1445,10/4,-35.14,axz
1446,4/13,-17.11,axz
1447,7/21,-55.69,axz
1448,5/22,-25.92,axz
1449,10/10,-90.02,axz
1450,12/2,-61.01,axz
1451,9/7,65.43,axz
1452,7/2,11.17,axz
1453,9/16,-85.16,axz
1454,5/3,-1.78,axz
1455,6/4,16.86,axz
1456,7/3,-83.15,axz
1457,1/28,-39.12,axz
1458,3/9,67.63,axz
1459,5/18,-32.58,axz
1460,11/12,73.45,axz
1461,3/28,-39.71,axz
1462,12/5,-95.18,axz
1463,8/11,9.54,axz
1464,3/4,-92.61,axz
1465,6/5,16.84,axz
1466,8/15,48.11,axz
1467,5/26,1.89,axz
1468,4/17,-55.71,axz
1469,2/10,16.05,axz
1470,8/12,18.57,axz
1471,6/24,72.00,axz
1472,2/6,-6.18,axz
1473,2/24,99.74,axz
1474,2/18,-18.80,axz
1475,5/19,11.85,axz
1476,10/12,-93.64,axz
1477,7/6,34.93,axz
1478,8/8,73.24,axz
1479,6/7,-11.40,axz
1480,8/19,51.10,axz
1481,12/18,-29.26,axz
1482,4/15,-22.18,axz
1483,1/17,7.88,axz
1484,10/13,-22.02,axz
1485,7/4,0.96,axz
1486,5/27,-9.34,axz
1487,9/14,-9.19,axz
1488,9/13,81.52,axz
1489,4/3,72.80,axz
1490,8/26,15.07,axz
1491,7/10,22.38,axz
1492,9/14,25.27,axz
1493,8/23,34.37,axz
1494,4/7,-69.17,axz
1495,12/6,50.20,axz
1496,2/15,97.51,axz
1497,7/27,24.99,axz
1498,12/7,31.19,axz
1499,3/20,82.91,axz
1500,4/12,-90.03,axz
1501,9/15,24.19,axz
1502,4/7,-66.20,axz
1503,10/8,-42.10,axz
1504,3/2,53.65,axz
1505,9/15,-97.36,axz
1506,3/28,-25.34,axz
1507,9/27,-11.77,axz
1508,1/14,-88.63,axz
1509,11/13,24.95,axz
1510,12/7,-78.32,axz
1511,3/11,-66.50,axz
1512,4/13,-54.02,axz
1513,11/7,-45.57,axz
1514,11/9,-86.47,axz
1515,6/24,-3.61,axz
1516,12/6,67.60,axz
1517,9/18,13.74,axz
1518,2/7,32.04,axz
1519,10/7,47.83,axz
1520,12/28,42.10,axz
1521,10/3,65.37,axz
1522,11/4,-19.33,axz
1523,3/25,-54.61,axz
1524,8/21,-36.98,axz
1525,2/4,96.33,axz
1526,8/15,99.68,axz
1527,12/20,99.73,axz
1528,7/26,23.36,axz
1529,6/22,86.02,axz
1530,2/20,-91.15,axz
1531,4/1,-82.57,axz
1532,9/3,26.45,axz
1533,12/3,-12.80,axz
1534,12/9,-43.57,axz
1535,10/25,-52.78,axz
1536,12/15,73.46,axz
1537,7/21,-9.02,axz
1538,1/10,94.27,axz
1539,12/28,-87.89,axz
1540,11/19,46.28,axz
1541,5/15,-46.93,axz
1542,6/27,9.27,axz
1543,6/20,42.38,axz
1544,5/24,-47.55,axz
1545,8/6,-77.22,axz
1546,11/10,76.33,axz
1547,10/1,78.73,axz
1548,7/11,19.19,axz
1549,2/15,-31.61,axz
1550,3/20,-64.68,axz
1551,12/10,77.61,axz
1552,2/16,-71.90,axz
1553,12/25,-35.69,axz
1554,4/14,-4.97,axz
1555,3/5,61.07,axz
1556,11/24,-69.46,axz
1557,3/7,83.26,axz
1558,10/13,84.55,axz
1559,5/13,-81.21,axz
1560,8/3,-8.41,axz
1561,5/12,81.80,axz
1562,12/8,74.50,axz
1563,4/1,-26.99,axz
1564,5/22,-86.73,axz
1565,3/28,-23.95,axz
1566,2/22,99.96,axz
1567,8/20,61.92,axz
1568,3/23,-68.26,axz
1569,5/11,-94.22,axz
1570,10/17,-60.22,axz
1571,8/16,-66.34,axz
1572,11/11,0.79,axz
1573,4/11,64.59,axz
1574,9/28,13.33,axz
1575,7/14,-28.97,axz
1576,6/18,54.56,axz
1577,5/14,17.43,axz
1578,12/4,-1.97,axz
1579,6/5,-73.86,axz
1580,5/6,26.34,axz
1581,11/5,-97.47,axz
1582,8/2,-25.04,axz
1583,6/8,-19.72,axz
1584,8/26,-84.97,axz
1585,2/28,60.88,axz
1586,5/13,48.50,axz
1587,4/13,16.06,axz
1588,8/15,34.75,axz
1589,3/10,-97.94,axz
1590,10/3,17.61,axz
1591,2/23,9.70,axz
1592,6/18,-46.61,axz
1593,4/13,-68.90,axz
1594,11/9,50.84,axz
1595,12/7,-17.82,axz
1596,8/20,65.97,axz
1597,3/22,83.91,axz
1598,2/16,57.94,axz
1599,9/2,3.73,axz
1600,2/14,86.12,axz
1601,6/21,-96.08,axz
1602,4/8,24.11,axz
1603,9/9,-87.40,axz
1604,2/7,-47.30,axz
1605,5/10,-22.65,axz
1606,10/7,73.37,axz
1607,2/3,41.56,axz
1608,8/28,-1.42,axz
1609,11/21,-54.46,axz
1610,6/27,-23.67,axz
1611,1/13,49.67,axz
1612,7/20,82.89,axz
1613,2/8,35.27,axz
1614,4/24,2.44,axz
1615,4/8,19.22,axz
1616,2/6,47.26,axz
1617,11/21,11.99,axz
1618,12/5,-75.25,axz
1619,5/13,-33.34,axz
1620,11/21,82.48,axz
1621,10/28,51.56,axz
1622,12/18,48.60,axz
1623,7/3,38.53,axz
1624,3/18,97.76,axz
1625,5/10,-56.73,axz
1626,1/12,-10.19,axz
1627,6/27,-97.54,axz
1628,9/27,-81.62,axz
1629,6/6,-48.74,axz
1630,5/2,46.18,axz
1631,9/4,17.57,axz
1632,3/26,-98.21,axz
1633,12/10,67.99,axz
1634,7/9,-65.60,axz
1635,9/27,47.45,axz
1636,12/23,99.09,axz
1637,4/10,80.13,axz
1638,5/12,-17.36,axz
1639,6/8,-41.90,axz
1640,2/7,9.54,axz
1641,6/20,-15.82,axz
1642,1/2,-82.30,axz
1643,11/28,-17.23,axz
1644,1/13,7.73,axz
1645,11/18,-43.84,axz
1646,6/8,4.83,axz
1647,7/27,61.39,axz
1648,6/13,-76.65,axz
1649,7/27,43.10,axz
1650,3/27,13.67,axz
1651,3/13,-70.62,axz
1652,10/23,16.52,axz
1653,12/10,-3.04,axz
1654,8/12,-28.99,axz
1655,8/4,-80.11,axz
1656,3/28,-2.81,axz
1657,11/21,30.30,axz
1658,10/14,-47.62,axz
1659,10/1,-55.22,axz
1660,7/26,85.93,axz
1661,9/24,-99.53,axz
1662,8/4,9.71,axz
1663,12/11,23.81,axz
1664,10/27,79.49,axz
1665,11/17,51.24,axz
1666,11/23,-9.73,axz
1667,7/23,45.46,axz
1668,2/24,-42.30,axz
1669,9/3,49.19,axz
1670,5/8,62.35,axz
1671,12/9,47.15,axz
1672,8/15,-49.05,axz
1673,9/25,-36.60,axz
1674,2/21,-0.04,axz
1675,8/15,-16.42,axz
1676,2/21,-35.43,axz
1677,9/5,81.10,axz
1678,12/12,-84.53,axz
1679,12/24,-67.31,axz
1680,7/15,-99.66,axz
1681,2/21,2.08,axz
1682,11/25,-44.75,axz
1683,8/7,-93.45,axz
1684,6/21,-98.04,axz
1685,7/13,8.92,axz
1686,12/5,53.55,axz
1687,9/17,-54.08,axz
1688,3/9,-65.68,axz
1689,10/3,-20.74,axz
1690,8/3,40.14,axz
1691,2/8,-0.41,axz
1692,11/2,33.64,axz
1693,1/2,6.69,axz
1694,6/12,-94.00,axz
1695,5/8,70.37,axz
1696,11/10,-82.07,axz
1697,2/11,41.67,axz
1698,4/22,-28.97,axz
1699,12/9,97.02,axz
1700,12/11,-25.78,axz
1701,2/4,96.07,axz
1702,8/23,-7.57,axz
1703,8/5,-68.15,axz
1704,6/24,-72.21,axz
1705,7/2,66.75,axz
1706,11/1,20.26,axz
1707,10/8,16.83,axz
1708,7/23,3.26,axz
1709,8/15,11.48,axz
1710,2/26,-7.80,axz
1711,3/2,69.88,axz
1712,6/10,62.91,axz
1713,10/25,23.86,axz
1714,6/15,-72.75,axz
1715,12/14,54.59,axz
1716,8/5,94.66,axz
1717,5/11,27.46,axz
1718,10/11,-56.49,axz
1719,1/25,-32.57,axz
1720,1/6,11.71,axz
1721,10/1,-19.86,axz
1722,2/3,73.53,axz
1723,4/9,35.92,axz
1724,3/15,69.97,axz
1725,11/27,94.42,axz
1726,4/2,69.48,axz
1727,8/25,16.92,axz
1728,8/6,-45.55,axz
1729,11/17,73.77,axz
1730,10/3,26.21,axz
1731,6/25,37.73,axz
1732,5/2,-73.12,axz
1733,12/7,39.79,axz
1734,11/21,38.70,axz
1735,7/27,-30.82,axz
1736,12/12,-52.85,axz
1737,3/10,58.29,axz
1738,9/2,-19.53,axz
1739,8/5,76.36,axz
1740,9/9,67.64,axz
1741,8/14,12.46,axz
1742,2/17,-6.24,axz
1743,12/10,-10.44,axz
1744,10/27,-39.22,axz
1745,8/5,85.15,axz
1746,12/27,-37.01,axz
1747,2/27,-62.35,axz
1748,12/6,-47.39,axz
1749,10/4,1.11,axz
1750,12/6,51.35,axz
1751,8/5,-27.75,axz
1752,12/18,-32.78,axz
1753,10/26,44.58,axz
1754,4/4,93.79,axz
1755,9/3,27.41,axz
1756,9/2,68.76,axz
1757,9/9,3.99,axz
1758,1/3,-17.78,axz
1759,8/26,75.09,axz
1760,7/9,60.29,axz
1761,10/12,54.20,axz
1762,7/9,82.55,axz
1763,5/22,48.63,axz
1764,11/4,14.49,axz
1765,2/27,-20.76,axz
1766,3/4,-68.34,axz
1767,2/19,-51.59,axz
1768,11/21,86.06,axz
1769,1/20,-27.12,axz
1770,6/28,79.22,axz
1771,3/24,18.33,axz
1772,8/18,-59.45,axz
1773,12/19,18.35,axz
1774,9/24,6.55,axz
1775,1/15,-70.62,axz
1776,4/4,-98.10,axz
1777,6/3,-62.18,axz
1778,5/7,84.14,axz
1779,10/24,0.48,axz
1780,8/3,8.52,axz
1781,9/22,-77.81,axz
1782,6/23,3.87,axz
1783,12/20,13.58,axz
1784,2/15,48.31,axz
1785,12/11,11.94,axz
1786,2/26,-78.42,axz
1787,4/9,4.95,axz
1788,12/15,-93.33,axz
1789,3/1,19.10,axz
1790,4/22,-39.74,axz
1791,2/9,7.35,axz
1792,3/5,-61.60,axz
1793,8/23,-31.48,axz
1794,1/16,-85.10,axz
1795,5/6,3.40,axz
1796,7/26,54.93,axz
1797,11/10,-19.46,axz
1798,12/23,-74.09,axz
1799,8/15,60.77,axz
1800,11/13,12.08,axz
1801,12/11,-74.90,axz
1802,1/28,-49.99,axz
1803,9/10,18.80,axz
1804,6/4,-20.51,axz
1805,5/14,-26.71,axz
1806,7/4,-59.63,axz
1807,1/12,-98.15,axz
1808,7/3,-98.36,axz
1809,8/6,63.86,axz
1810,12/27,-48.34,axz
1811,8/17,31.90,axz
1812,9/20,-42.23,axz
1813,10/24,93.56,axz
1814,5/21,-25.71,axz
1815,5/3,-37.07,axz
1816,4/3,45.03,axz
1817,10/1,-83.03,axz
1818,6/10,49.95,axz
1819,9/16,-48.16,axz
1820,11/14,81.79,axz
1821,2/22,27.28,axz
1822,10/19,23.15,axz
1823,10/27,24.33,axz
1824,11/8,18.06,axz
1825,8/25,47.50,axz
1826,1/2,-39.01,axz
1827,4/13,-38.59,axz
1828,12/18,-50.86,axz
1829,12/4,72.19,axz
1830,6/13,37.38,axz
1831,7/5,-5.21,axz
1832,11/1,-93.59,axz
1833,8/15,10.36,axz
1834,1/10,-9.62,axz
1835,2/27,18.42,axz
1836,9/11,23.97,axz
1837,9/28,49.51,axz
1838,6/23,60.07,axz
1839,7/6,6.75,axz
1840,6/26,94.20,axz
1841,9/4,14.52,axz
1842,1/14,-93.57,axz
1843,2/23,-93.91,axz
1844,10/25,-24.67,axz
1845,4/8,24.55,axz
1846,10/27,11.75,axz
1847,5/19,46.50,axz
1848,7/1,-84.56,axz
1849,2/15,7.29,axz
1850,5/22,81.73,axz
1851,3/18,-9.48,axz
1852,4/19,-21.09,axz
1853,3/10,-85.76,axz
1854,3/17,70.59,axz
1855,12/28,-70.77,axz
1856,3/22,20.29,axz
1857,8/24,57.28,axz
1858,3/7,-43.13,axz
1859,1/17,-94.92,axz
1860,5/20,-30.58,axz
1861,6/24,82.73,axz
1862,7/27,-51.53,axz
1863,4/13,-18.35,axz
1864,5/8,47.34,axz
1865,9/18,39.71,axz
1866,7/27,40.13,axz
1867,12/26,27.31,axz
1868,2/18,46.89,axz
1869,6/4,-30.28,axz
1870,9/1,59.03,axz
1871,8/22,-3.31,axz
1872,7/5,-78.38,axz
1873,10/27,-44.93,axz
1874,10/11,-70.72,axz
1875,4/16,5.76,axz
1876,7/7,-93.14,axz
1877,6/1,-88.84,axz
1878,7/24,11.76,axz
1879,5/15,-10.26,axz
1880,10/20,-0.69,axz
1881,2/20,-6.88,axz
1882,7/15,30.02,axz
1883,4/20,28.85,axz
1884,8/24,52.17,axz
1885,7/6,-62.97,axz
1886,4/8,57.81,axz
1887,10/23,-77.69,axz
1888,9/19,-55.05,axz
1889,2/11,68.48,axz
1890,1/11,-18.28,axz
1891,1/27,-70.09,axz
1892,8/21,28.48,axz
1893,2/9,66.34,axz
1894,12/16,35.00,axz
1895,9/4,16.35,axz
1896,8/26,39.21,axz
1897,10/8,-48.56,axz
1898,8/15,-96.10,axz
1899,1/14,79.17,axz
1900,9/24,-8.74,axz
1901,8/1,-78.28,axz
1902,9/26,92.46,axz
1903,11/13,-12.42,axz
1904,8/2,-82.62,axz
1905,3/16,21.57,axz
1906,3/27,-56.82,axz
1907,4/5,23.30,axz
1908,4/11,-7.10,axz
1909,9/12,-57.25,axz
1910,10/19,83.86,axz
1911,8/13,65.58,axz
1912,7/13,-93.09,axz
1913,5/24,-28.67,axz
1914,6/8,9.56,axz
1915,5/22,39.19,axz
1916,10/20,-3.97,axz
1917,10/26,-28.77,axz
1918,7/21,-33.08,axz
1919,4/4,11.41,axz
1920,6/19,84.65,axz
1921,10/13,42.55,axz
1922,4/5,22.64,axz
1923,8/15,-73.74,axz
1924,7/19,65.45,axz
1925,9/11,-5.10,axz
1926,4/16,-55.60,axz
1927,7/9,76.21,axz
1928,9/24,-39.58,axz
1929,11/26,-41.54,axz
1930,5/12,-26.54,axz
1931,5/1,-68.96,axz
1932,11/22,97.35,axz
1933,5/6,10.03,axz
1934,11/20,-88.13,axz
1935,7/25,-90.79,axz
1936,10/28,-95.62,axz
1937,2/21,38.54,axz
1938,7/4,7.28,axz
1939,7/7,13.91,axz
1940,7/22,45.52,axz
1941,9/2,-54.16,axz
1942,3/22,-89.79,axz
1943,9/18,-85.91,axz
1944,6/27,27.63,axz
1945,5/1,13.61,axz
1946,2/4,-15.18,axz
1947,4/28,-73.69,axz
1948,3/11,-47.18,axz
1949,4/27,31.33,axz
1950,12/20,22.77,axz
1951,11/7,13.67,axz
1952,5/20,42.08,axz
1953,1/18,83.30,axz
1954,1/12,91.15,axz
1955,6/24,47.04,axz
1956,5/25,51.72,axz
1957,4/5,-27.65,axz
1958,11/8,-70.46,axz
1959,1/19,42.30,axz
1960,6/6,38.04,axz
1961,2/20,-57.37,axz
1962,6/10,-88.52,axz
1963,9/9,-22.74,axz
1964,5/25,19.01,axz
1965,11/6,-88.85,axz
1966,9/2,47.24,axz
1967,8/6,55.22,axz
1968,2/10,9.11,axz
1969,11/22,26.16,axz
1970,7/19,-70.62,axz
1971,6/22,-88.50,axz
1972,8/20,-78.94,axz
1973,5/15,40.21,axz
1974,9/8,9.28,axz
1975,5/10,58.42,axz
1976,10/10,56.08,axz
1977,5/1,77.64,axz
1978,11/2,-34.82,axz
1979,9/27,2.18,axz
1980,9/15,-27.26,axz
1981,4/21,-79.67,axz
1982,2/17,-15.84,axz
1983,12/28,-35.90,axz
1984,1/13,-45.46,axz
1985,8/1,-42.80,axz
1986,12/16,-58.71,axz
1987,9/25,83.77,axz
1988,10/11,-52.39,axz
1989,5/1,-40.60,axz
1990,11/21,-1.24,axz
1991,3/16,52.45,axz
1992,8/15,14.44,axz
1993,2/12,-52.90,axz
1994,9/4,-33.85,axz
1995,8/1,-70.16,axz
1996,1/8,22.43,axz
1997,7/7,84.75,axz
1998,3/13,-1.73,axz
1999,8/25,77.69,axz
2000,12/12,0.71,axz
2001,11/13,-5.21,axz
2002,10/15,-42.70,axz
2003,1/18,27.53,axz
2004,12/21,-35.13,axz
2005,10/24,35.79,axz
2006,10/15,99.17,axz
2007,12/15,-13.07,axz
2008,11/26,-78.81,axz
2009,4/26,-61.01,axz
2010,10/20,-32.43,axz
2011,12/19,-55.07,axz
2012,4/18,-87.42,axz
2013,12/4,-76.91,axz
2014,6/8,-85.89,axz
2015,9/20,-28.37,axz
2016,9/27,-27.43,axz
2017,1/9,-3.75,axz
2018,1/24,45.86,axz
2019,6/24,35.82,axz
2020,2/28,-74.01,axz
2021,11/5,-7.37,axz
2022,12/16,-79.25,axz
2023,7/1,-70.77,axz
2024,11/3,13.35,axz
2025,8/17,11.35,axz
2026,8/18,0.04,axz
2027,5/19,-11.51,axz
2028,4/7,-61.80,axz
2029,2/3,98.37,axz
2030,12/14,72.84,axz
2031,9/12,17.82,axz
2032,8/9,67.37,axz
2033,9/14,-51.34,axz
2034,11/15,52.38,axz
2035,10/2,27.76,axz
2036,9/28,33.11,axz
2037,9/1,75.80,axz
2038,1/27,87.79,axz
2039,2/10,74.95,axz
2040,10/16,-60.36,axz
2041,6/11,-73.17,axz
2042,10/19,-78.46,axz
2043,1/28,-65.93,axz
2044,11/11,-38.58,axz
2045,12/23,-39.15,axz
2046,3/24,28.28,axz
2047,7/7,37.11,axz
2048,7/9,56.17,axz
2049,12/1,14.74,axz
2050,12/9,42.21,axz
2051,5/12,-27.87,axz
2052,7/13,43.42,axz
2053,4/20,65.36,axz
2054,10/16,87.80,axz
2055,8/18,-65.22,axz
2056,8/14,16.59,axz
2057,6/2,62.52,axz
2058,2/12,49.87,axz
2059,4/19,-75.25,axz
2060,6/21,-13.14,axz
2061,4/10,-11.95,axz
2062,10/22,60.38,axz
2063,1/18,-67.64,axz
2064,8/25,44.99,axz
2065,7/16,57.27,axz
2066,4/17,18.26,axz
2067,2/18,56.42,axz
2068,6/10,68.46,axz
2069,5/11,-74.60,axz
2070,8/28,-2.19,axz
2071,8/24,71.57,axz
2072,8/5,38.48,axz
2073,9/13,94.36,axz
2074,3/12,45.25,axz
2075,10/26,-13.66,axz
2076,4/15,-35.32,axz
2077,6/24,-54.23,axz
2078,3/9,-98.49,axz
2079,11/6,-55.09,axz
2080,5/20,6.58,axz
2081,11/2,90.09,axz
2082,7/14,3.17,axz
2083,2/12,86.64,axz
2084,10/28,87.69,axz
2085,8/8,-84.04,axz
2086,9/26,16.81,axz
2087,10/27,92.45,axz
2088,4/21,-44.93,axz
2089,1/3,-65.00,axz
2090,3/24,-87.13,axz
2091,5/4,77.99,axz
2092,7/11,-13.06,axz
2093,3/1,49.77,axz
2094,7/16,-82.88,axz
2095,6/25,7.02,axz
2096,10/17,-76.06,axz
2097,3/7,-26.00,axz
2098,8/21,-20.53,axz
2099,2/4,-71.65,axz
2100,8/26,-22.02,axz
2101,3/24,31.44,axz
2102,4/26,-88.69,axz
2103,1/17,-49.40,axz
2104,5/28,87.11,axz
2105,5/12,32.36,axz
2106,4/5,-40.92,axz
2107,6/18,1.56,axz
2108,11/19,-68.13,axz
2109,11/10,98.62,axz
2110,1/25,-17.76,axz
2111,6/9,42.66,axz
2112,5/2,-63.97,axz
2113,9/4,-21.13,axz
2114,7/1,-2.91,axz
2115,4/2,49.85,axz
2116,4/24,-44.21,axz
2117,11/10,-81.89,axz
2118,9/27,95.61,axz
2119,9/28,-58.07,axz
2120,11/24,-81.45,axz
2121,5/6,-60.46,axz
2122,7/19,1.41,axz
2123,6/14,54.76,axz
2124,10/8,-27.41,axz
2125,7/15,56.20,axz
2126,11/24,53.03,axz
2127,11/24,-12.82,axz
2128,6/23,-84.18,axz
2129,4/23,-47.17,axz
2130,11/8,25.77,axz
2131,12/26,-25.12,axz
2132,7/26,-65.51,axz
2133,12/23,-11.48,axz
2134,8/26,45.86,axz
2135,1/9,-90.52,axz
2136,3/27,-49.69,axz
2137,2/23,-35.90,axz
2138,4/28,-17.26,axz
2139,2/16,1.90,axz
2140,11/19,41.19,axz
2141,4/26,-68.49,axz
2142,6/26,22.73,axz
2143,2/7,55.44,axz
2144,11/25,67.17,axz
2145,3/1,-97.88,axz
2146,10/21,51.03,axz
2147,2/28,-72.24,axz
2148,3/16,33.84,axz
2149,3/5,-1.43,axz
2150,4/15,-8.84,axz
2151,10/3,-88.58,axz
2152,4/6,49.60,axz
2153,6/16,-93.14,axz
2154,6/17,97.14,axz
2155,11/11,75.52,axz
2156,6/23,61.20,axz
2157,3/2,-17.38,axz
2158,6/4,95.98,axz
2159,7/3,62.97,axz
2160,10/25,9.30,axz
2161,12/11,89.04,axz
2162,9/2,-14.56,axz
2163,2/26,-6.42,axz
2164,4/23,-68.21,axz
2165,8/4,74.13,axz
2166,7/1,-50.35,axz
2167,5/18,-97.14,axz
2168,5/8,-32.51,axz
2169,8/27,-87.33,axz
2170,12/25,-86.21,axz
2171,5/27,49.24,axz
2172,8/10,70.97,axz
2173,1/25,58.17,axz
2174,9/23,-21.34,axz
2175,10/14,66.78,axz
2176,7/10,20.51,axz
2177,8/24,95.42,axz
2178,10/16,-19.78,axz
2179,6/3,91.34,axz
2180,7/21,-51.38,axz
2181,7/9,6.58,axz
2182,9/19,-89.30,axz
2183,9/5,72.08,axz
2184,1/26,-17.44,axz
2185,7/14,-98.26,axz
2186,7/21,22.81,axz
2187,11/17,-29.50,axz
2188,3/23,39.50,axz
2189,10/23,-63.17,axz
2190,10/20,59.15,axz
2191,6/25,-76.87,axz
2192,8/25,-2.32,axz
2193,7/20,-10.36,axz
2194,12/20,-96.39,axz
2195,8/2,71.00,axz
2196,5/26,7.53,axz
2197,8/27,-16.20,axz
2198,5/15,2.42,axz
2199,7/13,69.34,axz
2200,11/17,-54.95,axz
2201,6/9,25.37,axz
2202,6/11,48.05,axz
2203,5/4,94.03,axz
2204,8/21,94.38,axz
2205,8/11,86.43,axz
2206,6/28,-71.03,axz
2207,2/24,75.38,axz
2208,4/27,-82.19,axz
2209,9/24,-62.10,axz
2210,4/13,-65.42,axz
2211,9/5,89.34,axz
2212,6/19,14.88,axz
2213,12/27,92.96,axz
2214,2/5,-96.46,axz
2215,8/18,-28.30,axz
2216,1/21,14.14,axz
2217,12/21,82.87,axz
2218,3/25,41.20,axz
2219,7/24,60.92,axz
2220,7/8,25.65,axz
2221,9/1,1.65,axz
2222,4/16,35.27,axz
2223,6/14,75.96,axz
2224,1/5,-50.09,axz
2225,8/14,54.23,axz
2226,5/22,95.80,axz
2227,5/5,-79.88,axz
2228,10/15,-44.63,axz
2229,11/15,84.52,axz
2230,8/27,-70.31,axz
2231,12/16,12.24,axz
2232,11/7,84.18,axz
2233,3/23,-70.52,axz
2234,10/15,-92.67,axz
2235,9/22,-50.71,axz
2236,6/27,-38.45,axz
2237,8/2,6.23,axz
2238,1/16,-65.42,axz
2239,1/2,-99.89,axz
2240,2/21,-54.16,axz
2241,9/11,-23.78,axz
2242,2/3,-64.55,axz
2243,4/19,-49.81,axz
2244,5/8,-12.50,axz
2245,7/12,-91.16,axz
2246,10/12,-71.74,axz
2247,5/10,83.06,axz
2248,10/21,-15.04,axz
2249,4/20,15.90,axz
2250,6/1,-64.28,axz
2251,10/23,45.16,axz
2252,12/23,63.59,axz
2253,10/21,75.37,axz
2254,10/2,75.31,axz
2255,5/1,-12.07,axz
2256,4/10,15.23,axz
2257,5/15,-67.93,axz
2258,3/8,-62.51,axz
2259,9/10,-50.46,axz
2260,9/27,70.26,axz
2261,4/4,14.41,axz
2262,2/3,29.14,axz
2263,5/13,-69.50,axz
2264,8/11,54.86,axz
2265,9/1,91.60,axz
2266,11/14,11.61,axz
2267,1/19,30.68,axz
2268,5/20,-46.71,axz
2269,11/15,-73.38,axz
2270,1/4,66.63,axz
2271,11/20,26.95,axz
2272,4/2,86.33,axz
2273,6/24,-22.86,axz
2274,9/19,80.87,axz
2275,5/15,40.05,axz
2276,8/3,-32.41,axz
2277,9/26,-18.14,axz
2278,9/5,28.79,axz
2279,5/28,9.17,axz
2280,2/17,48.48,axz
2281,4/23,-44.21,axz
2282,8/10,-18.55,axz
2283,10/18,60.74,axz
2284,7/27,18.14,axz
2285,1/18,-68.30,axz
2286,8/14,-11.71,axz
2287,10/1,-65.57,axz
2288,3/7,-50.64,axz
2289,12/13,1.64,axz
2290,10/28,7.46,axz
2291,4/3,1.70,axz
2292,12/14,57.17,axz
2293,4/8,-63.33,axz
2294,11/14,98.07,axz
2295,6/16,-52.31,axz
2296,5/19,33.40,axz
2297,8/17,85.72,axz
2298,10/16,33.10,axz
2299,1/9,-45.75,axz
2300,7/6,65.02,axz
2301,11/16,21.62,axz
2302,12/27,-71.24,axz
2303,12/17,93.07,axz
2304,11/25,17.20,axz
2305,5/6,2.90,axz
2306,12/18,36.92,axz
2307,6/27,21.48,axz
2308,12/14,-80.85,axz
2309,1/1,88.78,axz
2310,10/13,-30.12,axz
2311,1/8,19.88,axz
2312,12/18,69.08,axz
2313,8/5,82.53,axz
2314,11/22,-29.16,axz
2315,8/24,71.04,axz
2316,3/7,-83.94,axz
2317,10/15,-71.60,axz
2318,8/13,-58.34,axz
2319,12/6,-49.42,axz
2320,6/7,56.89,axz
2321,2/5,6.97,axz
2322,8/21,56.72,axz
2323,6/10,3.74,axz
2324,6/6,-95.00,axz
2325,9/14,-5.60,axz
2326,8/19,57.87,axz
2327,6/16,91.38,axz
2328,2/23,-92.16,axz
2329,5/3,8.05,axz
2330,6/22,-9.32,axz
2331,1/23,46.81,axz
2332,6/22,14.10,axz
2333,4/21,76.92,axz
2334,8/26,87.34,axz
2335,10/17,-34.12,axz
2336,10/25,-29.64,axz
2337,5/19,33.43,axz
2338,4/26,37.50,axz
2339,1/10,21.84,axz
2340,4/10,-23.69,axz
2341,6/8,-50.86,axz
2342,12/19,7.05,axz
2343,8/25,1.50,axz
2344,5/21,-98.61,axz
2345,12/25,-90.00,axz
2346,11/24,93.65,axz
2347,7/24,9.98,axz
2348,3/8,39.03,axz
2349,10/7,-53.79,axz
2350,6/14,-54.98,axz
2351,12/24,-61.51,axz
2352,12/3,-41.28,axz
2353,2/15,86.29,axz
2354,6/23,-95.49,axz
2355,1/8,-48.24,axz
2356,10/7,-72.17,axz
2357,12/17,-20.09,axz
2358,1/21,-97.72,axz
2359,5/9,-49.40,axz
2360,12/21,64.18,axz
2361,12/15,-57.59,axz
2362,7/21,-52.19,axz
2363,12/8,45.11,axz
2364,12/10,-85.58,axz
2365,12/1,49.99,axz
2366,8/9,-45.84,axz
2367,1/28,6.56,axz
2368,7/16,5.48,axz
2369,5/27,-27.69,axz
2370,9/10,80.72,axz
2371,12/24,-97.23,axz
2372,5/27,-91.23,axz
2373,9/5,-88.63,axz
2374,1/3,49.49,axz
2375,9/20,9.34,axz
2376,5/22,75.42,axz
2377,4/16,-5.51,axz
2378,4/18,-10.13,axz
2379,5/17,-98.85,axz
2380,4/7,5.01,axz
2381,8/8,-19.64,axz
2382,7/3,13.19,axz
2383,9/17,-65.35,axz
2384,4/20,-83.44,axz
2385,6/22,13.34,axz
2386,6/17,2.74,axz
2387,2/6,8.74,axz
2388,3/7,-59.78,axz
2389,6/4,-22.56,axz
2390,3/23,56.03,axz
2391,10/12,90.27,axz
2392,4/28,41.06,axz
2393,5/25,-61.96,axz
2394,10/19,-92.33,axz
2395,2/19,63.41,axz
2396,12/18,62.60,axz
2397,3/23,-18.23,axz
2398,6/7,22.58,axz
2399,2/9,-10.90,axz
2400,10/16,-79.20,axz
2401,10/16,90.21,axz
2402,5/18,-56.96,axz
2403,11/4,-42.99,axz
2404,9/10,-32.46,axz
2405,12/14,-38.17,axz
2406,3/12,-99.69,axz
2407,5/24,43.13,axz
2408,11/21,-28.21,axz
2409,4/18,-14.29,axz
2410,8/3,-22.08,axz
2411,9/15,-4.76,axz
2412,1/15,48.88,axz
2413,6/1,-34.57,axz
2414,11/17,31.85,axz
2415,2/27,-21.78,axz
2416,12/22,32.81,axz
2417,9/6,-98.96,axz
2418,5/1,63.88,axz
2419,12/22,18.46,axz
2420,6/27,-3.78,axz
2421,9/22,12.36,axz
2422,2/25,44.69,axz
2423,3/4,-95.24,axz
2424,3/8,72.50,axz
2425,11/8,-16.62,axz
2426,1/28,-80.35,axz
2427,7/27,-63.45,axz
2428,8/14,-54.07,axz
2429,3/1,-33.92,axz
2430,1/19,43.53,axz
2431,7/21,-79.68,axz
2432,7/13,25.64,axz
2433,8/22,59.10,axz
2434,7/1,51.79,axz
2435,3/13,17.08,axz
2436,2/3,69.25,axz
2437,12/13,-94.28,axz
2438,5/15,84.78,axz
2439,9/8,4.18,axz
2440,4/19,68.35,axz
2441,10/12,33.70,axz
2442,5/23,57.21,axz
2443,4/13,12.09,axz
2444,1/1,-64.71,axz
2445,2/1,12.53,axz
2446,7/23,74.31,axz
2447,6/20,47.18,axz
2448,3/25,-89.13,axz
2449,4/17,69.64,axz
2450,3/22,-90.09,axz
2451,5/26,7.32,axz
2452,2/15,-84.76,axz
2453,12/11,-72.52,axz
2454,3/1,36.61,axz
2455,9/15,81.35,axz
2456,10/4,77.81,axz
2457,11/25,-69.39,axz
2458,11/12,62.07,axz
2459,5/22,-35.62,axz
2460,4/17,45.71,axz
2461,5/9,93.10,axz
2462,2/26,-0.50,axz
2463,9/25,-60.17,axz
2464,11/19,10.58,axz
2465,7/8,92.24,axz
2466,10/28,88.43,axz
2467,3/7,-64.05,axz
2468,3/27,-21.34,axz
2469,3/3,-81.94,axz
2470,8/4,-92.76,axz
2471,7/19,-8.91,axz
2472,8/8,-57.25,axz
2473,12/19,39.75,axz
2474,4/8,-94.74,axz
2475,4/11,-41.63,axz
2476,5/26,87.72,axz
2477,3/9,-23.78,axz
2478,4/2,-30.22,axz
2479,2/16,-16.56,axz
2480,8/25,-59.79,axz
2481,2/28,37.55,axz
2482,8/7,-99.07,axz
2483,3/26,-66.66,axz
2484,9/4,37.27,axz
2485,3/18,20.21,axz
2486,2/8,98.06,axz
2487,5/17,56.69,axz
2488,2/27,-22.02,axz
2489,3/20,92.50,axz
2490,7/20,-40.48,axz
2491,1/10,99.52,axz
2492,1/26,-98.27,axz
2493,12/11,-67.41,axz
2494,3/24,-76.53,axz
2495,3/14,84.30,axz
2496,1/25,-26.87,axz
2497,4/27,-44.96,axz
2498,7/17,76.33,axz
2499,6/16,55.27,axz
2500,5/1,20.29,axz
2501,5/11,-10.12,axz
2502,3/23,61.26,axz
2503,3/23,52.15,axz
2504,8/10,-3.80,axz
2505,3/10,21.34,axz
2506,5/9,-75.42,axz
2507,2/23,-2.28,axz
2508,10/27,14.11,axz
2509,11/3,13.94,axz
2510,6/19,45.21,axz
2511,4/8,35.92,axz
2512,9/17,44.95,axz
2513,7/10,-95.47,axz
2514,3/6,-18.18,axz
2515,6/11,56.49,axz
2516,11/10,-66.23,axz
2517,3/7,19.41,axz
2518,9/15,-67.76,axz
2519,12/25,-57.32,axz
2520,10/5,-55.44,axz
2521,5/27,-18.56,axz
2522,4/25,45.91,axz
2523,6/1,-39.65,axz
2524,1/15,56.19,axz
2525,1/22,-57.42,axz
2526,5/15,19.44,axz
2527,1/4,91.94,axz
2528,12/13,29.60,axz
2529,10/17,48.27,axz
2530,1/22,-7.63,axz
2531,10/6,-37.57,axz
2532,4/11,44.13,axz
2533,7/13,-30.27,axz
2534,8/26,-22.67,axz
2535,6/11,-45.53,axz
2536,4/14,53.73,axz
2537,6/3,87.83,axz
2538,6/21,-27.02,axz
2539,4/18,-97.78,axz
2540,9/27,-2.79,axz
2541,1/22,95.46,axz
2542,7/3,72.71,axz
2543,12/2,30.40,axz
2544,2/9,-89.93,axz
2545,7/9,-17.86,axz
2546,4/6,58.08,axz
2547,10/3,86.15,axz
2548,7/22,1.99,axz
2549,9/4,-26.86,axz
2550,7/28,96.01,axz
2551,3/28,79.11,axz
2552,4/10,-66.15,axz
2553,8/7,93.23,axz
2554,3/23,96.04,axz
2555,3/4,69.13,axz
2556,5/6,-78.21,axz
2557,7/17,25.85,axz
2558,1/26,43.86,axz
2559,4/2,77.35,axz
2560,5/24,71.71,axz
2561,8/12,23.81,axz
2562,5/27,-99.07,axz
2563,1/4,-74.34,axz
2564,11/21,-79.95,axz
2565,10/13,-44.06,axz
2566,3/4,38.70,axz
2567,5/21,68.27,axz
2568,2/19,36.74,axz
2569,4/22,92.94,axz
2570,9/4,77.08,axz
2571,2/15,21.28,axz
2572,1/4,70.73,axz
2573,9/17,-60.28,axz
2574,6/18,12.84,axz
2575,12/13,27.92,axz
2576,10/5,-92.99,axz
2577,4/27,74.26,axz
2578,11/27,-33.59,axz
2579,6/10,-11.08,axz
2580,8/7,-13.21,axz
2581,12/24,-86.70,axz
2582,11/1,41.19,axz
2583,4/13,95.70,axz
2584,3/18,41.31,axz
2585,8/4,1.01,axz
2586,8/23,80.27,axz
2587,6/1,87.93,axz
2588,9/16,28.45,axz
2589,12/6,-76.19,axz
2590,9/14,-41.97,axz
2591,9/24,-94.67,axz
2592,3/27,-74.37,axz
2593,2/17,-93.37,axz
2594,7/15,9.90,axz
2595,8/7,-57.97,axz
2596,11/21,9.07,axz
2597,8/24,-87.39,axz
2598,2/13,62.95,axz
2599,3/5,-40.74,axz
2600,7/10,8.25,axz
2601,11/23,28.45,axz
2602,6/27,-38.48,axz
2603,11/18,-73.18,axz
2604,8/3,10.27,axz
2605,9/7,-5.64,axz
2606,5/26,54.48,axz
2607,10/25,-34.00,axz
2608,6/25,49.75,axz
2609,11/1,-56.67,axz
2610,2/7,39.36,axz
2611,9/15,86.99,axz
2612,12/27,69.80,axz
2613,7/16,-93.30,axz
2614,6/17,-13.49,axz
2615,8/20,13.34,axz
2616,9/15,34.29,axz
2617,8/6,49.48,axz
2618,10/22,23.93,axz
2619,1/12,35.94,axz
2620,10/22,39.74,axz
2621,6/14,-8.23,axz
2622,4/26,36.24,axz
2623,2/24,-47.44,axz
2624,11/2,-73.41,axz
2625,10/14,50.32,axz
2626,9/14,53.86,axz
2627,12/23,-20.35,axz
2628,10/25,5.12,axz
2629,3/11,-95.72,axz
2630,12/16,86.73,axz
2631,10/21,32.47,axz
2632,4/11,-5.68,axz
2633,4/28,87.07,axz
2634,10/18,68.23,axz
2635,11/15,-56.66,axz
2636,10/23,-21.23,axz
2637,11/18,-73.21,axz
2638,10/6,-77.73,axz
2639,8/13,-35.41,axz
2640,5/10,-22.31,axz
2641,4/4,-45.12,axz
2642,5/12,23.33,axz
2643,2/13,-14.67,axz
2644,6/10,48.72,axz
2645,9/3,0.72,axz
2646,9/21,20.17,axz
2647,6/6,96.90,axz
2648,8/19,-90.40,axz
2649,2/2,-87.25,axz
2650,7/15,-63.77,axz
2651,11/20,-3.38,axz
2652,10/4,-70.64,axz
2653,4/25,-54.02,axz
2654,11/24,60.48,axz
2655,7/13,43.28,axz
2656,10/27,10.34,axz
2657,11/16,-89.89,axz
2658,10/15,-41.96,axz
2659,5/9,67.92,axz
2660,9/27,-81.53,axz
2661,12/11,-8.18,axz
2662,10/23,66.90,axz
2663,10/24,27.00,axz
2664,6/24,-2.66,axz
2665,8/4,74.24,axz
2666,8/1,-65.39,axz
2667,8/11,-95.32,axz
2668,2/23,90.12,axz
2669,8/4,43.52,axz
2670,5/10,-74.07,axz
2671,12/10,-90.26,axz
2672,1/9,-98.22,axz
2673,10/20,16.70,axz
2674,8/19,-73.46,axz
2675,1/16,-6.88,axz
2676,7/18,-31.68,axz
2677,7/26,-96.27,axz
2678,12/2,-89.33,axz
2679,3/27,-48.10,axz
2680,11/26,4.62,axz
2681,12/6,-21.87,axz
2682,9/22,-63.50,axz
2683,1/23,28.22,axz
2684,6/22,-93.41,axz
2685,1/12,-36.12,axz
2686,7/21,8.38,axz
2687,1/15,-76.09,axz
2688,1/16,2.54,axz
2689,1/21,-53.14,axz
2690,7/10,97.41,axz
2691,8/20,-43.93,axz
2692,4/10,89.52,axz
2693,1/27,-61.01,axz
2694,5/28,-39.97,axz
2695,10/5,65.54,axz
2696,2/7,-53.22,axz
2697,8/23,-47.91,axz
2698,7/4,66.45,axz
2699,4/23,-7.77,axz
2700,11/28,-97.66,axz
2701,6/27,-6.21,axz
2702,4/11,74.86,axz
2703,9/11,61.91,axz
2704,2/6,-69.67,axz
2705,10/16,-65.35,axz
2706,12/5,-4.70,axz
2707,3/27,-47.44,axz
2708,9/13,-27.13,axz
2709,2/11,-75.92,axz
2710,6/9,-3.64,axz
2711,7/1,-52.48,axz
2712,2/19,-35.27,axz
2713,11/20,-64.14,axz
2714,4/25,64.30,axz
2715,3/22,-72.10,axz
2716,7/2,79.57,axz
2717,6/12,-2.34,axz
2718,11/22,47.11,axz
2719,3/1,93.56,axz
2720,7/9,65.60,axz
2721,2/14,-18.07,axz
2722,6/14,86.04,axz
2723,10/8,-27.98,axz
2724,7/15,31.24,axz
2725,10/20,8.26,axz
2726,12/14,29.03,axz
2727,6/7,86.04,axz
2728,6/11,-13.43,axz
2729,6/1,-64.35,axz
2730,7/3,7.27,axz
2731,11/26,52.11,axz
2732,4/22,-38.87,axz
2733,7/3,69.34,axz
2734,6/25,-38.79,axz
2735,4/25,-52.74,axz
2736,3/17,77.57,axz
2737,8/7,8.93,axz
2738,6/14,91.56,axz
2739,6/25,52.80,axz
2740,1/22,93.61,axz
2741,7/9,95.24,axz
2742,5/12,81.67,axz
2743,6/5,-25.46,axz
2744,11/15,39.77,axz
2745,11/24,-50.19,axz
2746,4/15,93.07,axz
2747,9/21,88.57,axz
2748,2/7,21.37,axz
2749,3/15,72.16,axz
2750,10/4,-1.50,axz
2751,1/6,-33.74,axz
2752,4/19,7.03,axz
2753,3/17,98.83,axz
2754,12/1,85.96,axz
2755,5/8,29.82,axz
2756,8/6,-17.59,axz
2757,4/23,77.76,axz
2758,12/20,66.93,axz
2759,9/3,-33.85,axz
2760,12/20,-44.41,axz
2761,7/12,78.59,axz
2762,3/12,-25.62,axz
2763,11/25,-2.52,axz
2764,10/6,-49.44,axz
2765,5/10,88.71,axz
2766,12/7,52.63,axz
2767,8/4,-20.42,axz
2768,12/25,68.01,axz
2769,9/8,43.30,axz
2770,11/24,-77.79,axz
2771,7/11,17.98,axz
2772,8/26,-13.84,axz
2773,11/4,-20.70,axz
2774,8/22,-97.17,axz
2775,3/15,-72.56,axz
2776,10/6,-0.40,axz
2777,1/10,-16.88,axz
2778,3/10,7.43,axz
2779,10/8,-70.93,axz
2780,11/23,25.70,axz
2781,6/18,86.13,axz
2782,9/9,78.48,axz
2783,5/26,-11.94,axz
2784,7/11,-19.08,axz
2785,11/27,27.48,axz
2786,3/11,-99.87,axz
2787,8/4,-81.06,axz
2788,9/16,-83.21,axz
2789,5/2,29.67,axz
2790,10/4,90.50,axz
2791,10/16,-59.24,axz
2792,6/22,-6.39,axz
2793,12/2,9.37,axz
2794,1/20,77.91,axz
2795,3/1,-30.47,axz
2796,7/1,-35.73,axz
2797,6/14,42.73,axz
2798,1/13,19.48,axz
2799,2/6,95.06,axz
2800,8/8,95.37,axz
2801,4/11,-82.05,axz
2802,11/8,94.47,axz
2803,7/27,-11.11,axz
2804,1/3,-19.96,axz
2805,11/25,-44.67,axz
2806,6/26,-83.50,axz
2807,2/7,-69.00,axz
2808,3/22,4.69,axz
2809,4/10,-43.97,axz
2810,1/8,71.76,axz
2811,10/10,-84.73,axz
2812,4/19,-49.27,axz
2813,9/5,63.58,axz
2814,2/9,60.94,axz
2815,8/16,71.38,axz
2816,5/15,-98.96,axz
2817,7/11,52.49,axz
2818,5/21,5.69,axz
2819,8/7,51.19,axz
2820,9/18,42.71,axz
2821,8/7,55.77,axz
2822,5/5,11.23,axz
2823,1/10,-38.03,axz
2824,8/8,-55.85,axz
2825,11/27,-81.08,axz
2826,8/26,-37.41,axz
2827,6/26,36.61,axz
2828,12/10,-97.42,axz
2829,9/24,-20.83,axz
2830,1/16,2.44,axz
2831,2/3,-94.35,axz
2832,12/10,-63.86,axz
2833,4/24,-22.00,axz
2834,7/11,13.58,axz
2835,11/16,11.37,axz
2836,11/10,35.82,axz
2837,6/27,42.33,axz
2838,1/18,-18.18,axz
2839,5/17,-73.75,axz
2840,2/20,-76.04,axz
2841,9/2,-43.16,axz
2842,9/21,-2.16,axz
2843,9/18,-94.89,axz
2844,6/2,53.17,axz
2845,7/24,-77.10,axz
2846,4/28,-40.65,axz
2847,7/7,55.52,axz
2848,11/14,-14.78,axz
2849,8/25,34.22,axz
2850,3/18,69.58,axz
2851,11/26,58.27,axz
2852,12/10,62.10,axz
2853,2/19,-47.43,axz
2854,2/23,-26.44,axz
2855,6/8,26.27,axz
2856,2/19,-52.08,axz
2857,12/10,-13.73,axz
2858,3/2,-43.84,axz
2859,11/18,77.86,axz
2860,4/2,87.00,axz
2861,11/8,-32.51,axz
2862,8/11,33.88,axz
2863,4/16,34.42,axz
2864,10/28,38.50,axz
2865,8/13,-67.57,axz
2866,5/28,16.29,axz
2867,7/12,-98.80,axz
2868,9/14,28.33,axz
2869,8/14,-97.73,axz
2870,1/18,-19.78,axz
2871,7/14,79.17,axz
2872,7/6,35.41,axz
2873,5/24,82.73,axz
2874,1/1,-90.69,axz
2875,12/19,87.66,axz
2876,1/19,-43.02,axz
2877,3/28,-16.43,axz
2878,4/25,-68.05,axz
2879,8/2,22.60,axz
2880,2/25,-5.43,axz
2881,4/13,-60.78,axz
2882,11/15,-75.89,axz
2883,7/7,-6.72,axz
2884,12/27,-2.92,axz
2885,10/4,52.81,axz
2886,5/19,-53.92,axz
2887,5/17,-91.61,axz
2888,12/11,-83.34,axz
2889,8/8,-33.96,axz
2890,8/8,20.39,axz
2891,11/5,64.12,axz
2892,10/18,-27.42,axz
2893,8/2,-94.29,axz
2894,7/13,-63.49,axz
2895,10/11,3.90,axz
2896,4/11,18.58,axz
2897,2/8,24.61,axz
2898,4/28,-69.65,axz
2899,4/25,15.43,axz
2900,1/22,-3.49,axz
2901,2/18,59.91,axz
2902,11/14,61.19,axz
2903,4/5,-2.79,axz
2904,12/24,73.65,axz
2905,4/11,-12.29,axz
2906,10/3,1.78,axz
2907,3/13,-69.56,axz
2908,1/5,24.03,axz
2909,6/15,-78.15,axz
2910,6/10,82.71,axz
2911,3/2,87.73,axz
2912,5/27,16.24,axz
2913,10/9,-48.29,axz
2914,5/14,-43.47,axz
2915,12/28,-56.10,axz
2916,3/12,-39.33,axz
2917,1/21,89.92,axz
2918,1/6,-25.11,axz
2919,4/1,-54.54,axz
2920,5/13,-9.61,axz
2921,12/2,-13.83,axz
2922,7/19,-37.24,axz
2923,8/19,-32.25,axz
2924,2/10,31.41,axz
2925,10/18,73.39,axz
2926,5/22,63.09,axz
2927,6/26,-96.92,axz
2928,1/12,67.87,axz
2929,10/13,-83.73,axz
2930,9/25,73.69,axz
2931,8/5,-18.28,axz
2932,11/14,-90.71,axz
2933,8/18,79.01,axz
2934,5/9,-74.89,axz
2935,1/28,32.57,axz
2936,5/2,-1.45,axz
2937,1/16,83.61,axz
2938,9/18,46.82,axz
2939,11/19,-17.45,axz
2940,12/8,-65.59,axz
2941,11/24,71.83,axz
2942,5/17,11.02,axz
2943,3/24,21.73,axz
2944,4/26,52.76,axz
2945,9/28,89.15,axz
2946,4/16,-41.70,axz
2947,11/25,21.56,axz
2948,1/4,0.32,axz
2949,6/18,38.64,axz
2950,7/26,-86.99,axz
2951,9/24,76.33,axz
2952,12/3,95.97,axz
2953,4/4,-72.84,axz
2954,6/19,25.50,axz
2955,5/6,48.12,axz
2956,5/22,-89.29,axz
2957,10/19,-44.35,axz
2958,5/3,35.15,axz
2959,8/11,19.85,axz
2960,5/2,-83.21,axz
2961,6/22,91.55,axz
2962,9/6,-17.23,axz
2963,1/21,52.82,axz
2964,6/10,41.01,axz
2965,11/20,93.57,axz
2966,5/1,-65.83,axz
2967,7/8,-52.84,axz
2968,4/23,-74.50,axz
2969,3/27,-37.89,axz
2970,9/22,-34.28,axz
2971,9/16,-8.81,axz
2972,1/19,-91.54,axz
2973,3/27,-92.84,axz
2974,6/7,-21.14,axz
2975,10/12,-2.50,axz
2976,6/22,-28.86,axz
2977,6/7,58.98,axz
2978,10/12,-14.06,axz
2979,3/20,78.90,axz
2980,11/28,19.83,axz
2981,10/25,-34.29,axz
2982,6/21,73.37,axz
2983,1/12,-55.07,axz
2984,9/6,-38.71,axz
2985,2/3,-89.49,axz
2986,4/7,7.37,axz
2987,4/1,-73.13,axz
2988,9/10,59.12,axz
2989,1/27,-11.01,axz
2990,1/4,-52.68,axz
2991,3/15,-16.55,axz
2992,4/1,-54.12,axz
2993,10/24,94.12,axz
2994,8/6,-22.10,axz
2995,2/3,-42.31,axz
2996,7/13,8.76,axz
2997,8/18,75.29,axz
2998,4/12,7.42,axz
2999,9/23,67.01,axz
